model, nodes, edges, abstract_nodes, abstract_edges, flip_edges, bisimulation_time, rectify_time_concrete_naive, rectify_time_concrete, rectify_time_abstract, number_of_rules, immutable_rules, core_concrete, abstract_concrete, abstract_core_final
1_pulp_and_paper_input.pickle, 371, 298, 77, 85, 0, 0.009847161999999798, 0.06919814999999829, 0.054519162000000065, 0.03259533700000006, 25, 3, 3, 3, 3
1_pulp_and_paper_input.pickle, 371, 298, 77, 85, 0, 0.009847161999999798, 0.0841780700000001, 0.07152624600000124, 0.04604750099999855, 25, 8, 5, 5, 5
1_pulp_and_paper_input.pickle, 371, 298, 77, 85, 0, 0.009847161999999798, 0.04467920399999947, 0.03912530700000083, 0.024606221999999178, 25, 10, 2, 2, 2
1_pulp_and_paper_input.pickle, 371, 298, 77, 85, 0, 0.009847161999999798, 0.06707223000000084, 0.058329550999999924, 0.037676393000001696, 25, 14, 4, 4, 4
2_vehicle_assembly_input.pickle, 1019, 2267, 95, 167, 0, 0.026108390999999287, 0.5116641480000013, 0.4397038010000003, 0.48880711199999993, 47, 19, 19, 19, 19
2_vehicle_assembly_input.pickle, 1019, 2267, 95, 167, 0, 0.026108390999999287, 0.3044274139999992, 0.28098337100000137, 0.5068827220000003, 47, 21, 2, 14, 13
2_vehicle_assembly_input.pickle, 1019, 2267, 95, 167, 0, 0.026108390999999287, 0.501126403999999, 0.46533721199999967, 0.5497725920000001, 47, 34, 13, 18, 17
aag_1_Aug2019.pickle, 1576, 3851, 401, 806, 0, 0.0535442109999984, 0.22601968800000094, 0.17546950999999922, 0.06400561799999949, 29, 1, 1, 1, 1
aag_1_Aug2019.pickle, 1576, 3851, 401, 806, 0, 0.0535442109999984, 0.20184601700000115, 0.20004259499999932, 0.06683924200000035, 29, 2, 1, 1, 1
aag_1_Aug2019.pickle, 1576, 3851, 401, 806, 0, 0.0535442109999984, 0.5230752159999987, 0.46310752300000146, 0.06667266899999902, 29, 4, 2, 1, 1
aag_1_Aug2019.pickle, 1576, 3851, 401, 806, 0, 0.0535442109999984, 0.3428524169999996, 0.2959278040000015, 0.07600233200000162, 29, 5, 1, 1, 1
aag_1_Aug2019.pickle, 1576, 3851, 401, 806, 0, 0.0535442109999984, 0.3633082750000014, 0.3037795129999985, 0.06880248000000222, 29, 6, 1, 1, 1
aag_29Jul2019.pickle, 1765, 4202, 430, 909, 0, 0.061662644000001876, 0.21776573200000016, 0.16085860200000113, 0.042681661999999676, 32, 1, 1, 1, 1
aag_29Jul2019.pickle, 1765, 4202, 430, 909, 0, 0.061662644000001876, 0.21203966999999935, 0.16383288700000165, 0.03579120600000252, 32, 2, 1, 1, 1
aag_out_29Jul2019.pickle, 1765, 4202, 430, 909, 0, 0.0610922709999997, 0.21615261799999885, 0.16072354399999966, 0.0428658249999998, 32, 1, 1, 1, 1
aag_out_29Jul2019.pickle, 1765, 4202, 430, 909, 0, 0.0610922709999997, 0.19803011700000184, 0.16537045800000172, 0.035698268000000866, 32, 2, 1, 1, 1
aag_test.pickle, 8021, 19417, 203, 346, 0, 0.20195077099999992, 1.3445757730000025, 0.6262406600000006, 0.021160612999999273, 25, 1, 1, 1, 1
aag_test.pickle, 8021, 19417, 203, 346, 0, 0.20195077099999992, 1.1827711020000002, 0.4457662580000026, 0.0131761879999992, 25, 2, 1, 1, 1
input_159.pickle, 4153, 8833, 226, 357, 0, 0.6440662840000009, 0.41932747999999975, 0.2828168919999996, 0.01619114900000085, 22, 1, 1, 1, 1
input_159.pickle, 4153, 8833, 226, 357, 0, 0.6440662840000009, 0.3842890160000003, 0.2913331229999976, 0.013986841000001249, 22, 2, 1, 1, 1
input_159.pickle, 4153, 8833, 226, 357, 0, 0.6440662840000009, 0.7653202479999983, 0.633314974000001, 0.023514264999999313, 22, 3, 1, 1, 1
input_159.pickle, 4153, 8833, 226, 357, 0, 0.6440662840000009, 0.8927040089999991, 0.7301856999999998, 0.027904184999997028, 22, 4, 1, 1, 1
input_159.pickle, 4153, 8833, 226, 357, 0, 0.6440662840000009, 0.4414300580000017, 0.35697380699999925, 1.0893199319999987, 22, 5, 1, 4, 4
original_aag_re.pickle, 268, 324, 205, 240, 0, 0.008021214999999415, 0.009593203000001438, 0.010585306999999489, 0.01940500899999975, 16, 1, 1, 1, 1
original_aag_re.pickle, 268, 324, 205, 240, 0, 0.008021214999999415, 0.013914676000002402, 0.0115910889999995, 0.016776751999998396, 16, 2, 1, 1, 1
original_aag_re.pickle, 268, 324, 205, 240, 0, 0.008021214999999415, 0.02105371100000042, 0.019476186999998646, 0.017668297000000166, 16, 3, 1, 1, 1
original_aag_re.pickle, 268, 324, 205, 240, 0, 0.008021214999999415, 0.018111978000000306, 0.017641590000000207, 0.016365493999998648, 16, 4, 1, 1, 1
original_aag_re.pickle, 268, 324, 205, 240, 0, 0.008021214999999415, 0.021227822000000174, 0.020132319000001786, 0.02134555299999974, 16, 5, 1, 1, 1
re_aag.pickle, 316, 469, 218, 297, 0, 0.011189591000000831, 0.012529576999998682, 0.012105705999999827, 0.021386247999998886, 18, 1, 1, 1, 1
re_aag.pickle, 316, 469, 218, 297, 0, 0.011189591000000831, 0.02326633099999853, 0.022275199999999273, 0.019331215999997653, 18, 2, 1, 1, 1
re_aag.pickle, 316, 469, 218, 297, 0, 0.011189591000000831, 0.02750434100000021, 0.029145589000002303, 0.022689384999999618, 18, 3, 1, 1, 1
re_aag.pickle, 316, 469, 218, 297, 0, 0.011189591000000831, 0.028692316000004325, 0.027688413999996442, 0.02245258099999603, 18, 4, 1, 1, 1
re_aag.pickle, 316, 469, 218, 297, 0, 0.011189591000000831, 0.027306066000001294, 0.025967116000003898, 0.019127754999999524, 18, 5, 1, 1, 1
synthetic_large.pickle, 284932, 947258, 110, 142, 0, 10.797425050999998, 253.501919575, 11.141932206999968, 0.00571546999998418, 15, 1, 1, 1, 1
synthetic_large.pickle, 284932, 947258, 110, 142, 0, 10.797425050999998, 78.228282638, 19.85167113800003, 0.006757880000009209, 15, 2, 1, 1, 1
synthetic_large.pickle, 284932, 947258, 110, 142, 0, 10.797425050999998, 258.698909437, 39.81920870099998, 0.006692510999982915, 15, 3, 1, 1, 1
synthetic_large.pickle, 284932, 947258, 110, 142, 0, 10.797425050999998, 252.099499358, 51.4370615439999, 0.00828682700000627, 15, 4, 1, 1, 1
synthetic_large.pickle, 284932, 947258, 110, 142, 0, 10.797425050999998, -1, 171.3379900540001, 0.028482251000014003, 15, 5, 1, 1, 1
synthetic_medium.pickle, 802, 1763, 110, 142, 0, 0.05363449100013895, 0.1282601220000288, 0.11576341299996784, 0.018316635000019232, 15, 1, 1, 1, 1
synthetic_medium.pickle, 802, 1763, 110, 142, 0, 0.05363449100013895, 0.17478523900012988, 0.16137090699999135, 0.017967974000157483, 15, 2, 1, 1, 1
synthetic_medium.pickle, 802, 1763, 110, 142, 0, 0.05363449100013895, 0.25880843799996, 0.24081095399992591, 0.0173929490001683, 15, 3, 1, 1, 1
synthetic_medium.pickle, 802, 1763, 110, 142, 0, 0.05363449100013895, 0.3195636049999848, 0.3032205669999257, 0.022356963999982327, 15, 4, 1, 1, 1
synthetic_medium.pickle, 802, 1763, 110, 142, 0, 0.05363449100013895, 0.30176206300006925, 0.28265816800012544, 0.029185083000129453, 15, 5, 1, 1, 1
synthetic_small.pickle, 60, 75, 53, 59, 0, 0.008767539000018587, 0.008057999000129712, 0.00799414300013268, 0.008345215000190365, 13, 1, 1, 1, 1
synthetic_small.pickle, 60, 75, 53, 59, 0, 0.008767539000018587, 0.006639210999992429, 0.00676097500013384, 0.014293260999920676, 13, 2, 1, 1, 1
synthetic_small.pickle, 60, 75, 53, 59, 0, 0.008767539000018587, 0.012516207000089707, 0.01250013100002434, 0.014888783000060357, 13, 3, 1, 1, 1
synthetic_small.pickle, 60, 75, 53, 59, 0, 0.008767539000018587, 0.014956755999946836, 0.015172642999914387, 0.009626090999972803, 13, 5, 2, 1, 1
synthetic_small.pickle, 60, 75, 53, 59, 0, 0.008767539000018587, 0.0102644630001123, 0.010481787999879089, 0.009088930999951117, 13, 6, 1, 1, 1
toy_input.pickle, 305, 381, 188, 254, 0, 0.032077262000029805, 0.0346144220000042, 0.03382998100005352, 0.053691809999918405, 20, 1, 1, 1, 1
toy_input.pickle, 305, 381, 188, 254, 0, 0.032077262000029805, 0.06315738400007831, 0.06041157100003147, 0.05501959599996553, 20, 2, 1, 1, 1
toy_input.pickle, 305, 381, 188, 254, 0, 0.032077262000029805, 0.07690854700013006, 0.0737110479999501, 0.05595708400005606, 20, 3, 1, 1, 1
toy_input.pickle, 305, 381, 188, 254, 0, 0.032077262000029805, 0.08978168499993444, 0.08623365700009344, 0.061499573999981294, 20, 4, 1, 1, 1
toy_input.pickle, 305, 381, 188, 254, 0, 0.032077262000029805, 0.0981426000000738, 0.09615858000006483, 0.16230870899994443, 20, 5, 1, 2, 2
1_pulp_and_paper_input.pickle, 371, 298, 77, 85, 0, 0.01962595700001657, 0.1857873890000974, 0.1640751239999645, 0.09769812099989394, 25, 3, 3, 3, 3
1_pulp_and_paper_input.pickle, 371, 298, 77, 85, 0, 0.01962595700001657, 0.2418980150000607, 0.21384919400020408, 0.140187977000096, 25, 8, 5, 5, 5
1_pulp_and_paper_input.pickle, 371, 298, 77, 85, 0, 0.01962595700001657, 0.13588554500006467, 0.11799284299991086, 0.06353919999992286, 25, 10, 2, 2, 2
1_pulp_and_paper_input.pickle, 371, 298, 77, 85, 0, 0.01962595700001657, 0.18312868199996046, 0.1575598069998705, 0.11592986200025734, 25, 14, 4, 4, 4
2_vehicle_assembly_input.pickle, 1019, 2267, 95, 167, 0, 0.07458975600002304, 1.5215728359999048, 1.390912414000013, 1.4801530400000047, 47, 19, 19, 19, 19
2_vehicle_assembly_input.pickle, 1019, 2267, 95, 167, 0, 0.07458975600002304, 0.9182297079998989, 0.8657968539998819, 1.5443053629999213, 47, 21, 2, 14, 13
2_vehicle_assembly_input.pickle, 1019, 2267, 95, 167, 0, 0.07458975600002304, 1.5720666760000768, 1.4204578359999687, 1.686555331999898, 47, 34, 13, 18, 17
aag_1_Aug2019.pickle, 1576, 3851, 401, 806, 0, 0.1372043809999468, 0.6198936680000315, 0.5238009969998529, 0.19180782000012186, 29, 1, 1, 1, 1
aag_1_Aug2019.pickle, 1576, 3851, 401, 806, 0, 0.1372043809999468, 0.594307931000003, 0.5273616859999493, 0.19899858999997377, 29, 2, 1, 1, 1
aag_1_Aug2019.pickle, 1576, 3851, 401, 806, 0, 0.1372043809999468, 1.5593003740000313, 1.3941755529999682, 0.20301093199987008, 29, 4, 2, 1, 1
aag_1_Aug2019.pickle, 1576, 3851, 401, 806, 0, 0.1372043809999468, 0.9836653500001376, 0.9008060250000653, 0.20403303900002356, 29, 5, 1, 1, 1
aag_1_Aug2019.pickle, 1576, 3851, 401, 806, 0, 0.1372043809999468, 1.0062823430000662, 0.9058036159999574, 0.20538204299987228, 29, 6, 1, 1, 1
aag_29Jul2019.pickle, 1765, 4202, 430, 909, 0, 0.1532954609999706, 0.585601140000108, 0.4854681479998817, 0.1296894170000087, 32, 1, 1, 1, 1
aag_29Jul2019.pickle, 1765, 4202, 430, 909, 0, 0.1532954609999706, 0.5907264620000205, 0.5088765549999152, 0.10928374800005258, 32, 2, 1, 1, 1
aag_out_29Jul2019.pickle, 1765, 4202, 430, 909, 0, 0.14382703999990554, 0.5768096709998645, 0.48457611000003453, 0.12914973800002372, 32, 1, 1, 1, 1
aag_out_29Jul2019.pickle, 1765, 4202, 430, 909, 0, 0.14382703999990554, 0.5858862350000891, 0.4905064019999372, 0.10929958800011264, 32, 2, 1, 1, 1
aag_test.pickle, 8021, 19417, 203, 346, 0, 0.4982535829999506, 4.277523610999879, 1.8873723219999192, 0.0641452400000162, 25, 1, 1, 1, 1
aag_test.pickle, 8021, 19417, 203, 346, 0, 0.4982535829999506, 3.738884492999887, 1.4260948940000162, 0.041900007999856825, 25, 2, 1, 1, 1
input_159.pickle, 4153, 8833, 226, 357, 0, 0.3099586369999088, 1.2682457169998997, 0.9203833270000814, 0.05260892299997977, 22, 1, 1, 1, 1
input_159.pickle, 4153, 8833, 226, 357, 0, 0.3099586369999088, 1.2061903789999633, 0.9301947629999177, 0.042986800000107905, 22, 2, 1, 1, 1
input_159.pickle, 4153, 8833, 226, 357, 0, 0.3099586369999088, 2.43178461399998, 1.9754857809998612, 0.07185787200000959, 22, 3, 1, 1, 1
input_159.pickle, 4153, 8833, 226, 357, 0, 0.3099586369999088, 2.8380312140000115, 2.407592501999943, 0.09158128700005363, 22, 4, 1, 1, 1
input_159.pickle, 4153, 8833, 226, 357, 0, 0.3099586369999088, 1.409931166999968, 1.1729339110002002, 3.4528886959999454, 22, 5, 1, 4, 4
original_aag_re.pickle, 268, 324, 205, 240, 0, 0.031052080000108617, 0.03120148900006825, 0.028099167000164016, 0.05190847199992277, 16, 1, 1, 1, 1
original_aag_re.pickle, 268, 324, 205, 240, 0, 0.031052080000108617, 0.03868184099997052, 0.03636899499997526, 0.05394906400010768, 16, 2, 1, 1, 1
original_aag_re.pickle, 268, 324, 205, 240, 0, 0.031052080000108617, 0.06483671999990293, 0.061802520000128425, 0.05651845199986383, 16, 3, 1, 1, 1
original_aag_re.pickle, 268, 324, 205, 240, 0, 0.031052080000108617, 0.05741183299983277, 0.054985915000088426, 0.051335283000071286, 16, 4, 1, 1, 1
original_aag_re.pickle, 268, 324, 205, 240, 0, 0.031052080000108617, 0.06444220999992467, 0.060870848999911686, 0.06363826999995581, 16, 5, 1, 1, 1
re_aag.pickle, 316, 469, 218, 297, 0, 0.0333306940001421, 0.03823387899979025, 0.03696938899997804, 0.06558678400006102, 18, 1, 1, 1, 1
re_aag.pickle, 316, 469, 218, 297, 0, 0.0333306940001421, 0.07272743800012904, 0.07092590700017354, 0.06150271500018789, 18, 2, 1, 1, 1
re_aag.pickle, 316, 469, 218, 297, 0, 0.0333306940001421, 0.0867098219998752, 0.08471286799999689, 0.062359106000030806, 18, 3, 1, 1, 1
re_aag.pickle, 316, 469, 218, 297, 0, 0.0333306940001421, 0.0869273879998218, 0.08427484599997115, 0.06733934099997896, 18, 4, 1, 1, 1
re_aag.pickle, 316, 469, 218, 297, 0, 0.0333306940001421, 0.0843304929999249, 0.08107362000009743, 0.0594813749999048, 18, 5, 1, 1, 1
synthetic_large.pickle, 284932, 947258, 110, 142, 0, 26.18212441699984, -1, 36.08504278200007, 0.019882972999766935, 15, 1, 1, 1, 1
synthetic_large.pickle, 284932, 947258, 110, 142, 0, 26.18212441699984, 250.3214941629999, 58.21484125799998, 0.01634604599985323, 15, 2, 1, 1, 1
synthetic_large.pickle, 284932, 947258, 110, 142, 0, 26.18212441699984, -1, 108.81166960099972, 0.01627946000007796, 15, 3, 1, 1, 1
synthetic_large.pickle, 284932, 947258, 110, 142, 0, 26.18212441699984, -1, 177.47108571199988, 0.024027220000789384, 15, 4, 1, 1, 1
synthetic_large.pickle, 284932, 947258, 110, 142, 0, 26.18212441699984, -1, 153.7414604280002, 0.026728179999736312, 15, 5, 1, 1, 1
synthetic_medium.pickle, 802, 1763, 110, 142, 0, 0.05282350200013752, 0.11867763500049477, 0.10672890000023472, 0.017392840999491455, 15, 1, 1, 1, 1
synthetic_medium.pickle, 802, 1763, 110, 142, 0, 0.05282350200013752, 0.16374228599943308, 0.1519458829998257, 0.016639595999549783, 15, 2, 1, 1, 1
synthetic_medium.pickle, 802, 1763, 110, 142, 0, 0.05282350200013752, 0.24049437299981946, 0.22934427299969684, 0.016442462000668456, 15, 3, 1, 1, 1
synthetic_medium.pickle, 802, 1763, 110, 142, 0, 0.05282350200013752, 0.30095114999949146, 0.2873705899992274, 0.021054002999335353, 15, 4, 1, 1, 1
synthetic_medium.pickle, 802, 1763, 110, 142, 0, 0.05282350200013752, 0.28116501400018024, 0.2685337080001773, 0.02691049000077328, 15, 5, 1, 1, 1
synthetic_small.pickle, 60, 75, 53, 59, 0, 0.006355964999784192, 0.0075434839991430636, 0.007442944000104035, 0.007814161999704083, 13, 1, 1, 1, 1
synthetic_small.pickle, 60, 75, 53, 59, 0, 0.006355964999784192, 0.006198824999955832, 0.0062891950001358055, 0.014061415000469424, 13, 2, 1, 1, 1
synthetic_small.pickle, 60, 75, 53, 59, 0, 0.006355964999784192, 0.011772657999244984, 0.01188892099980876, 0.01414306399965426, 13, 3, 1, 1, 1
synthetic_small.pickle, 60, 75, 53, 59, 0, 0.006355964999784192, 0.014182233000610722, 0.01411766199998965, 0.00904742599959718, 13, 5, 2, 1, 1
synthetic_small.pickle, 60, 75, 53, 59, 0, 0.006355964999784192, 0.009576881000612048, 0.009793899000214878, 0.00823652700000821, 13, 6, 1, 1, 1
toy_input.pickle, 305, 381, 188, 254, 0, 0.02969484100049158, 0.03180600800078537, 0.031045158000779338, 0.04991597800017189, 20, 1, 1, 1, 1
toy_input.pickle, 305, 381, 188, 254, 0, 0.02969484100049158, 0.0589473949994499, 0.05642955100029212, 0.05054885800018383, 20, 2, 1, 1, 1
toy_input.pickle, 305, 381, 188, 254, 0, 0.02969484100049158, 0.0720287490003102, 0.06929656800002704, 0.051656952000485035, 20, 3, 1, 1, 1
toy_input.pickle, 305, 381, 188, 254, 0, 0.02969484100049158, 0.08180942899980437, 0.07982159499988484, 0.05524542399962229, 20, 4, 1, 1, 1
toy_input.pickle, 305, 381, 188, 254, 0, 0.02969484100049158, 0.09008337799969013, 0.08917025800019474, 0.14986602300086815, 20, 5, 1, 2, 2
1_pulp_and_paper_input.pickle, 371, 298, 77, 85, 0, 0.019937547000154154, 0.17183412999929715, 0.15242264100015745, 0.08939185700000962, 25, 3, 3, 3, 3
1_pulp_and_paper_input.pickle, 371, 298, 77, 85, 0, 0.019937547000154154, 0.22344264000003022, 0.20051090299966745, 0.13163076199907664, 25, 8, 5, 5, 5
1_pulp_and_paper_input.pickle, 371, 298, 77, 85, 0, 0.019937547000154154, 0.12692549700022937, 0.11197354900014034, 0.059032620998550556, 25, 10, 2, 2, 2
1_pulp_and_paper_input.pickle, 371, 298, 77, 85, 0, 0.019937547000154154, 0.1666342580001583, 0.14391050199992605, 0.1094889920004789, 25, 14, 4, 4, 4
2_vehicle_assembly_input.pickle, 1019, 2267, 95, 167, 0, 0.0711843740000404, 1.4010655470001439, 1.231397062000724, 1.3723926700004085, 47, 19, 19, 19, 19
2_vehicle_assembly_input.pickle, 1019, 2267, 95, 167, 0, 0.0711843740000404, 0.8443121270001939, 0.804735458000323, 1.4276475770002435, 47, 21, 2, 14, 13
2_vehicle_assembly_input.pickle, 1019, 2267, 95, 167, 0, 0.0711843740000404, 1.422023578000335, 1.2931003730000157, 1.535977776999971, 47, 34, 13, 18, 17
aag_1_Aug2019.pickle, 1576, 3851, 401, 806, 0, 0.1307663939996928, 0.589140987999599, 0.4921979589998955, 0.1759555709995766, 29, 1, 1, 1, 1
aag_1_Aug2019.pickle, 1576, 3851, 401, 806, 0, 0.1307663939996928, 0.5474960689998625, 0.47996409500046866, 0.183753237000019, 29, 2, 1, 1, 1
aag_1_Aug2019.pickle, 1576, 3851, 401, 806, 0, 0.1307663939996928, 1.4385847040002773, 1.274237668000751, 0.18633224600034737, 29, 4, 2, 1, 1
aag_1_Aug2019.pickle, 1576, 3851, 401, 806, 0, 0.1307663939996928, 0.9006543109999257, 0.8083345699997153, 0.18637496800056397, 29, 5, 1, 1, 1
aag_1_Aug2019.pickle, 1576, 3851, 401, 806, 0, 0.1307663939996928, 0.9292111889999433, 0.8407561670001087, 0.19069658699936554, 29, 6, 1, 1, 1
aag_29Jul2019.pickle, 1765, 4202, 430, 909, 0, 0.1418888190000871, 0.5318050949999815, 0.4491819080003552, 0.12071207000008144, 32, 1, 1, 1, 1
aag_29Jul2019.pickle, 1765, 4202, 430, 909, 0, 0.1418888190000871, 0.5423800300004586, 0.456326984000043, 0.10146467599952302, 32, 2, 1, 1, 1
aag_out_29Jul2019.pickle, 1765, 4202, 430, 909, 0, 0.13882086300054652, 0.5351908229995388, 0.44891743500011216, 0.12159168000016507, 32, 1, 1, 1, 1
aag_out_29Jul2019.pickle, 1765, 4202, 430, 909, 0, 0.13882086300054652, 0.5451537999997527, 0.4567709630000536, 0.10275641000043834, 32, 2, 1, 1, 1
aag_test.pickle, 8021, 19417, 203, 346, 0, 0.45458998100002646, 3.919742189000317, 1.7219833480003217, 0.059256874000311655, 25, 1, 1, 1, 1
aag_test.pickle, 8021, 19417, 203, 346, 0, 0.45458998100002646, 3.451076422999904, 1.34109533299943, 0.038695076999829325, 25, 2, 1, 1, 1
input_159.pickle, 4153, 8833, 226, 357, 0, 0.3168307490004736, 1.2056591979999212, 0.8688300290004918, 0.04910822999954689, 22, 1, 1, 1, 1
input_159.pickle, 4153, 8833, 226, 357, 0, 0.3168307490004736, 1.1505066290001196, 0.8790679240000827, 0.04004497100049775, 22, 2, 1, 1, 1
input_159.pickle, 4153, 8833, 226, 357, 0, 0.3168307490004736, 2.3050623330000235, 1.8599277149996851, 0.06838583700027812, 22, 3, 1, 1, 1
input_159.pickle, 4153, 8833, 226, 357, 0, 0.3168307490004736, 2.673326965999877, 2.290463153000019, 0.08539998600008403, 22, 4, 1, 1, 1
input_159.pickle, 4153, 8833, 226, 357, 0, 0.3168307490004736, 1.3199414580003577, 1.1223423440005718, 3.2597923080002147, 22, 5, 1, 4, 4
original_aag_re.pickle, 268, 324, 205, 240, 0, 0.027783085000010033, 0.028281609999794455, 0.02680752400010533, 0.04854254000019864, 16, 1, 1, 1, 1
original_aag_re.pickle, 268, 324, 205, 240, 0, 0.027783085000010033, 0.0359688600001391, 0.03435275499941781, 0.05103273700024147, 16, 2, 1, 1, 1
original_aag_re.pickle, 268, 324, 205, 240, 0, 0.027783085000010033, 0.061093355000593874, 0.05871976299931703, 0.0532583149997663, 16, 3, 1, 1, 1
original_aag_re.pickle, 268, 324, 205, 240, 0, 0.027783085000010033, 0.05381627699989622, 0.05243165800038696, 0.0483071229991765, 16, 4, 1, 1, 1
original_aag_re.pickle, 268, 324, 205, 240, 0, 0.027783085000010033, 0.05957485799990536, 0.05695793999984744, 0.05908307099980448, 16, 5, 1, 1, 1
re_aag.pickle, 316, 469, 218, 297, 0, 0.030725671000254806, 0.03614275700056169, 0.03477857899997616, 0.06249313999978767, 18, 1, 1, 1, 1
re_aag.pickle, 316, 469, 218, 297, 0, 0.030725671000254806, 0.06970814600026642, 0.06697447700025805, 0.0593638069994995, 18, 2, 1, 1, 1
re_aag.pickle, 316, 469, 218, 297, 0, 0.030725671000254806, 0.08300872200015874, 0.0809893240002566, 0.058624166999834415, 18, 3, 1, 1, 1
re_aag.pickle, 316, 469, 218, 297, 0, 0.030725671000254806, 0.08221500099989498, 0.07997316600085469, 0.06370210299974133, 18, 4, 1, 1, 1
re_aag.pickle, 316, 469, 218, 297, 0, 0.030725671000254806, 0.07913255800031038, 0.07629808799993043, 0.05634056500002771, 18, 5, 1, 1, 1
synthetic_large.pickle, 284932, 947258, 110, 142, 0, 26.11557967800036, -1, 33.29209484800049, 0.018815158000506926, 15, 1, 1, 1, 1
synthetic_large.pickle, 284932, 947258, 110, 142, 0, 26.11557967800036, 304.00535603200024, 64.87657755700002, 0.019028804000299715, 15, 2, 1, 1, 1
synthetic_large.pickle, 284932, 947258, 110, 142, 0, 26.11557967800036, 455.7345486410004, 44.355821369000296, 0.0076419659999373835, 15, 3, 1, 1, 1
synthetic_large.pickle, 284932, 947258, 110, 142, 0, 26.11557967800036, 290.0516396940002, 55.90792664400033, 0.009325932000137982, 15, 4, 1, 1, 1
synthetic_large.pickle, 284932, 947258, 110, 142, 0, 26.11557967800036, 333.24167882500024, 47.23528291000002, 0.012603348000084225, 15, 5, 1, 1, 1
synthetic_medium.pickle, 802, 1763, 110, 142, 0, 0.11914700900069874, 0.04717718400024751, 0.038504621000356565, 0.0062524270006178995, 15, 1, 1, 1, 1
synthetic_medium.pickle, 802, 1763, 110, 142, 0, 0.11914700900069874, 0.059320922000551946, 0.052328857999782485, 0.005685050000465708, 15, 2, 1, 1, 1
synthetic_medium.pickle, 802, 1763, 110, 142, 0, 0.11914700900069874, 0.08209288499983813, 0.09121938600037538, 0.00682279499960714, 15, 3, 1, 1, 1
synthetic_medium.pickle, 802, 1763, 110, 142, 0, 0.11914700900069874, 0.10687806800069666, 0.10610728000028757, 0.0084039829998801, 15, 4, 1, 1, 1
synthetic_medium.pickle, 802, 1763, 110, 142, 0, 0.11914700900069874, 0.10484629100028542, 0.10108559200034506, 0.009493218999523378, 15, 5, 1, 1, 1
synthetic_small.pickle, 60, 75, 53, 59, 0, 0.0027631359998849803, 0.0026071010006489814, 0.002583051000328851, 0.0027846769999086973, 13, 1, 1, 1, 1
synthetic_small.pickle, 60, 75, 53, 59, 0, 0.0027631359998849803, 0.002226722000159498, 0.0022559349999937695, 0.004770126999574131, 13, 2, 1, 1, 1
synthetic_small.pickle, 60, 75, 53, 59, 0, 0.0027631359998849803, 0.004159074999734003, 0.004143056000430079, 0.004840100000365055, 13, 3, 1, 1, 1
synthetic_small.pickle, 60, 75, 53, 59, 0, 0.0027631359998849803, 0.004940226000144321, 0.005006390999369614, 0.003210908999790263, 13, 5, 2, 1, 1
synthetic_small.pickle, 60, 75, 53, 59, 0, 0.0027631359998849803, 0.003414543999497255, 0.0034336219996475847, 0.0028798389994335594, 13, 6, 1, 1, 1
toy_input.pickle, 305, 381, 188, 254, 0, 0.014502576000268164, 0.01229694300036499, 0.010809399000208941, 0.01742470899989712, 20, 1, 1, 1, 1
toy_input.pickle, 305, 381, 188, 254, 0, 0.014502576000268164, 0.02154026599964709, 0.020076740000149584, 0.017942342000424105, 20, 2, 1, 1, 1
toy_input.pickle, 305, 381, 188, 254, 0, 0.014502576000268164, 0.025257835999582312, 0.024813150999762, 0.018250461999741674, 20, 3, 1, 1, 1
toy_input.pickle, 305, 381, 188, 254, 0, 0.014502576000268164, 0.029404085000351188, 0.028199450000101933, 0.019938544999604346, 20, 4, 1, 1, 1
toy_input.pickle, 305, 381, 188, 254, 0, 0.014502576000268164, 0.032525182999961544, 0.03285162199972547, 0.053009671999461716, 20, 5, 1, 2, 2
1_pulp_and_paper_input.pickle, 371, 298, 77, 85, 0, 0.010419471000204794, 0.059573520999947505, 0.054415259000052174, 0.0318777799993768, 25, 3, 3, 3, 3
1_pulp_and_paper_input.pickle, 371, 298, 77, 85, 0, 0.010419471000204794, 0.08114973099964118, 0.07049481900048704, 0.04649614600020868, 25, 8, 5, 5, 5
1_pulp_and_paper_input.pickle, 371, 298, 77, 85, 0, 0.010419471000204794, 0.046744280999519106, 0.03921053500016569, 0.02088994800033106, 25, 10, 2, 2, 2
1_pulp_and_paper_input.pickle, 371, 298, 77, 85, 0, 0.010419471000204794, 0.05827398799920047, 0.05140212900005281, 0.04109103100017819, 25, 14, 4, 4, 4
2_vehicle_assembly_input.pickle, 1019, 2267, 95, 167, 0, 0.04154069000014715, 0.5000236760006374, 0.43665348200011067, 0.4882709220000834, 47, 19, 19, 19, 19
2_vehicle_assembly_input.pickle, 1019, 2267, 95, 167, 0, 0.04154069000014715, 0.3198882050000975, 0.27806455600057234, 0.49249167400012084, 47, 21, 2, 14, 13
2_vehicle_assembly_input.pickle, 1019, 2267, 95, 167, 0, 0.04154069000014715, 0.4802155329998641, 0.44824436999988393, 0.5532794569999169, 47, 34, 13, 18, 17
aag_1_Aug2019.pickle, 1576, 3851, 401, 806, 0, 0.06559118099994521, 0.21146928899997874, 0.17208717799985607, 0.06166199000017514, 29, 1, 1, 1, 1
aag_1_Aug2019.pickle, 1576, 3851, 401, 806, 0, 0.06559118099994521, 0.194923775999996, 0.17283119400053693, 0.06240724599956593, 29, 2, 1, 1, 1
aag_1_Aug2019.pickle, 1576, 3851, 401, 806, 0, 0.06559118099994521, 0.5014673329997095, 0.4466001979999419, 0.06565169399982551, 29, 4, 2, 1, 1
aag_1_Aug2019.pickle, 1576, 3851, 401, 806, 0, 0.06559118099994521, 0.32605007300026045, 0.28848031500001525, 0.06705858700024692, 29, 5, 1, 1, 1
aag_1_Aug2019.pickle, 1576, 3851, 401, 806, 0, 0.06559118099994521, 0.33246652400066523, 0.2865353099996355, 0.06804855000063981, 29, 6, 1, 1, 1
aag_29Jul2019.pickle, 1765, 4202, 430, 909, 0, 0.06789286999992328, 0.19556578399988211, 0.15654306000033102, 0.041753948999939894, 32, 1, 1, 1, 1
aag_29Jul2019.pickle, 1765, 4202, 430, 909, 0, 0.06789286999992328, 0.19521221899958618, 0.15944881199993688, 0.034936366999318125, 32, 2, 1, 1, 1
aag_out_29Jul2019.pickle, 1765, 4202, 430, 909, 0, 0.06503207700006897, 0.20599773400044796, 0.15934259000005113, 0.040706097000111185, 32, 1, 1, 1, 1
aag_out_29Jul2019.pickle, 1765, 4202, 430, 909, 0, 0.06503207700006897, 0.19381212400003278, 0.1647718320000422, 0.03522631200030446, 32, 2, 1, 1, 1
aag_test.pickle, 8021, 19417, 203, 346, 0, 0.2556417499999952, 1.3908404849998988, 0.6658327850000205, 0.020493818999966606, 25, 1, 1, 1, 1
aag_test.pickle, 8021, 19417, 203, 346, 0, 0.2556417499999952, 1.1911843159996351, 0.4946126209997601, 0.013926008000453294, 25, 2, 1, 1, 1
input_159.pickle, 4153, 8833, 226, 357, 0, 0.13116526900012104, 0.44127589500021713, 0.3008175710001524, 0.017540513999847462, 22, 1, 1, 1, 1
input_159.pickle, 4153, 8833, 226, 357, 0, 0.13116526900012104, 0.40254265400017175, 0.3058600829999705, 0.014638020999882428, 22, 2, 1, 1, 1
input_159.pickle, 4153, 8833, 226, 357, 0, 0.13116526900012104, 0.788072674000432, 0.6179820139996082, 0.023060485000314657, 22, 3, 1, 1, 1
input_159.pickle, 4153, 8833, 226, 357, 0, 0.13116526900012104, 0.9039455510001062, 0.7639099520001764, 0.02841027600061352, 22, 4, 1, 1, 1
input_159.pickle, 4153, 8833, 226, 357, 0, 0.13116526900012104, 0.45569688599971414, 0.3678658910002923, 1.1125086390002252, 22, 5, 1, 4, 4
original_aag_re.pickle, 268, 324, 205, 240, 0, 0.011707861000104458, 0.011356044999956794, 0.01054627299981803, 0.01687510600004316, 16, 1, 1, 1, 1
original_aag_re.pickle, 268, 324, 205, 240, 0, 0.011707861000104458, 0.01422436499979085, 0.012145702999987407, 0.01730899300036981, 16, 2, 1, 1, 1
original_aag_re.pickle, 268, 324, 205, 240, 0, 0.011707861000104458, 0.020513708999715163, 0.01957148099972983, 0.01807578099942475, 16, 3, 1, 1, 1
original_aag_re.pickle, 268, 324, 205, 240, 0, 0.011707861000104458, 0.017766952999409114, 0.01828080300037982, 0.016649494000375853, 16, 4, 1, 1, 1
original_aag_re.pickle, 268, 324, 205, 240, 0, 0.011707861000104458, 0.020750087999658717, 0.02034388299944112, 0.020360166000500612, 16, 5, 1, 1, 1
re_aag.pickle, 316, 469, 218, 297, 0, 0.012376469000628276, 0.012509005000538309, 0.012085860000297544, 0.021967508999296115, 18, 1, 1, 1, 1
re_aag.pickle, 316, 469, 218, 297, 0, 0.012376469000628276, 0.023584047000440478, 0.022321170999930473, 0.019841423000798386, 18, 2, 1, 1, 1
re_aag.pickle, 316, 469, 218, 297, 0, 0.012376469000628276, 0.029473185999449925, 0.028976769999644603, 0.022178825000082725, 18, 3, 1, 1, 1
re_aag.pickle, 316, 469, 218, 297, 0, 0.012376469000628276, 0.029101189000357408, 0.027758155999435985, 0.022238486999413, 18, 4, 1, 1, 1
re_aag.pickle, 316, 469, 218, 297, 0, 0.012376469000628276, 0.02765754800020659, 0.026043664000098943, 0.01907704699988244, 18, 5, 1, 1, 1
synthetic_large.pickle, 284932, 947258, 110, 142, 0, 13.511642878999737, 271.41641131600045, 11.473195655999916, 0.008062922000135586, 15, 1, 1, 1, 1
synthetic_large.pickle, 284932, 947258, 110, 142, 0, 13.511642878999737, 79.422093915, 19.56063703899963, 0.007100564000211307, 15, 2, 1, 1, 1
synthetic_large.pickle, 284932, 947258, 110, 142, 0, 13.511642878999737, 269.47636942200006, 41.61044636900078, 0.0067976809996253, 15, 3, 1, 1, 1
synthetic_large.pickle, 284932, 947258, 110, 142, 0, 13.511642878999737, 272.2376595450005, 49.71614320700064, 0.008792119999270653, 15, 4, 1, 1, 1
synthetic_large.pickle, 284932, 947258, 110, 142, 0, 13.511642878999737, 283.20864874499966, 48.17933310300032, 0.012357219999103108, 15, 5, 1, 1, 1
synthetic_medium.pickle, 802, 1763, 110, 142, 0, 0.032347104001019034, 0.05173882900089666, 0.04336053000042739, 0.006224726999789709, 15, 1, 1, 1, 1
synthetic_medium.pickle, 802, 1763, 110, 142, 0, 0.032347104001019034, 0.06474520600022515, 0.054153336999661406, 0.005806856999697629, 15, 2, 1, 1, 1
synthetic_medium.pickle, 802, 1763, 110, 142, 0, 0.032347104001019034, 0.08520280099946831, 0.07830833300067752, 0.006483229000878055, 15, 3, 1, 1, 1
synthetic_medium.pickle, 802, 1763, 110, 142, 0, 0.032347104001019034, 0.10846311700152, 0.10216711399880296, 0.008002952999959234, 15, 4, 1, 1, 1
synthetic_medium.pickle, 802, 1763, 110, 142, 0, 0.032347104001019034, 0.10080078999999387, 0.09183710899924336, 0.009220599000400398, 15, 5, 1, 1, 1
synthetic_small.pickle, 60, 75, 53, 59, 0, 0.0022928899998078123, 0.0024978729998110794, 0.0025450919983995846, 0.002565421000326751, 13, 1, 1, 1, 1
synthetic_small.pickle, 60, 75, 53, 59, 0, 0.0022928899998078123, 0.0021438189996842993, 0.00213740199978929, 0.004526751001321827, 13, 2, 1, 1, 1
synthetic_small.pickle, 60, 75, 53, 59, 0, 0.0022928899998078123, 0.004126977999476367, 0.004708495000159019, 0.004728301999421092, 13, 3, 1, 1, 1
synthetic_small.pickle, 60, 75, 53, 59, 0, 0.0022928899998078123, 0.005201924999710172, 0.005948340000031749, 0.003514841999276541, 13, 5, 2, 1, 1
synthetic_small.pickle, 60, 75, 53, 59, 0, 0.0022928899998078123, 0.0038731559998268494, 0.003664391999336658, 0.0028582520008058054, 13, 6, 1, 1, 1
toy_input.pickle, 305, 381, 188, 254, 0, 0.014224270000340766, 0.013683627999853343, 0.012877334000222618, 0.019209078998756013, 20, 1, 1, 1, 1
toy_input.pickle, 305, 381, 188, 254, 0, 0.014224270000340766, 0.02076605200090853, 0.019770012000662973, 0.017742556001394405, 20, 2, 1, 1, 1
toy_input.pickle, 305, 381, 188, 254, 0, 0.014224270000340766, 0.025198536000971217, 0.024870450999515015, 0.020112166999751935, 20, 3, 1, 1, 1
toy_input.pickle, 305, 381, 188, 254, 0, 0.014224270000340766, 0.02863258700017468, 0.02794705700034683, 0.020561212000757223, 20, 4, 1, 1, 1
toy_input.pickle, 305, 381, 188, 254, 0, 0.014224270000340766, 0.032800201001009555, 0.031128807999266428, 0.054860791000464815, 20, 5, 1, 2, 2
1_pulp_and_paper_input.pickle, 371, 298, 77, 85, 0, 0.010118932001205394, 0.07044404100088286, 0.053659561001040856, 0.03200843200102099, 25, 3, 3, 3, 3
1_pulp_and_paper_input.pickle, 371, 298, 77, 85, 0, 0.010118932001205394, 0.08128794099866354, 0.07003409299977648, 0.04510381500040239, 25, 8, 5, 5, 5
1_pulp_and_paper_input.pickle, 371, 298, 77, 85, 0, 0.010118932001205394, 0.0466543089987681, 0.048615040999720804, 0.025478232000750722, 25, 10, 2, 2, 2
1_pulp_and_paper_input.pickle, 371, 298, 77, 85, 0, 0.010118932001205394, 0.05767871100033517, 0.049877268000273034, 0.03847408100045868, 25, 14, 4, 4, 4
2_vehicle_assembly_input.pickle, 1019, 2267, 95, 167, 0, 0.030925458999263356, 0.49127947599845356, 0.44038138600080856, 0.49181944799966004, 47, 19, 19, 19, 19
2_vehicle_assembly_input.pickle, 1019, 2267, 95, 167, 0, 0.030925458999263356, 0.32231524099915987, 0.2688389939994522, 0.503603850998843, 47, 21, 2, 14, 13
2_vehicle_assembly_input.pickle, 1019, 2267, 95, 167, 0, 0.030925458999263356, 0.49326158999974723, 0.44569629000034183, 0.5362304600002972, 47, 34, 13, 18, 17
aag_1_Aug2019.pickle, 1576, 3851, 401, 806, 0, 0.062068291001196485, 0.20401690700055042, 0.17144677299984323, 0.06131492799977423, 29, 1, 1, 1, 1
aag_1_Aug2019.pickle, 1576, 3851, 401, 806, 0, 0.062068291001196485, 0.20056475499950466, 0.17480717100079346, 0.07208242500018969, 29, 2, 1, 1, 1
aag_1_Aug2019.pickle, 1576, 3851, 401, 806, 0, 0.062068291001196485, 0.5788390870002331, 0.4892165860001114, 0.06666293899979792, 29, 4, 2, 1, 1
aag_1_Aug2019.pickle, 1576, 3851, 401, 806, 0, 0.062068291001196485, 0.3579138589993818, 0.3513184729999921, 0.07051567099915701, 29, 5, 1, 1, 1
aag_1_Aug2019.pickle, 1576, 3851, 401, 806, 0, 0.062068291001196485, 0.371314217998588, 0.3783981619999395, 0.08174726600009308, 29, 6, 1, 1, 1
aag_29Jul2019.pickle, 1765, 4202, 430, 909, 0, 0.06920812400130671, 0.2158983810004429, 0.16745501500008686, 0.04245212199930393, 32, 1, 1, 1, 1
aag_29Jul2019.pickle, 1765, 4202, 430, 909, 0, 0.06920812400130671, 0.19442292600069777, 0.1626261479996174, 0.03565022600014345, 32, 2, 1, 1, 1
aag_out_29Jul2019.pickle, 1765, 4202, 430, 909, 0, 0.05593109599976742, 0.1897871290002513, 0.15823213400108216, 0.0425506450010289, 32, 1, 1, 1, 1
aag_out_29Jul2019.pickle, 1765, 4202, 430, 909, 0, 0.05593109599976742, 0.19485412900030497, 0.16170623699872522, 0.0358306399994035, 32, 2, 1, 1, 1
aag_test.pickle, 8021, 19417, 203, 346, 0, 0.21003867000035825, 1.6692158020014176, 0.7856168950002029, 0.023357225998552167, 25, 1, 1, 1, 1
aag_test.pickle, 8021, 19417, 203, 346, 0, 0.21003867000035825, 1.2863314240003092, 0.5252835060000507, 0.013642093999806093, 25, 2, 1, 1, 1
input_159.pickle, 4153, 8833, 226, 357, 0, 0.1234008379997249, 0.40692491899972083, 0.2932974670002295, 0.016642960001263418, 22, 1, 1, 1, 1
input_159.pickle, 4153, 8833, 226, 357, 0, 0.1234008379997249, 0.41478586999983236, 0.3467159680003533, 0.015928963999613188, 22, 2, 1, 1, 1
input_159.pickle, 4153, 8833, 226, 357, 0, 0.1234008379997249, 0.8692162040006224, 0.7449287130002631, 0.02691554999910295, 22, 3, 1, 1, 1
input_159.pickle, 4153, 8833, 226, 357, 0, 0.1234008379997249, 1.034903308000139, 0.9412936259996059, 0.036560894001013367, 22, 4, 1, 1, 1
input_159.pickle, 4153, 8833, 226, 357, 0, 0.1234008379997249, 0.5265323580006225, 0.37180173699925945, 1.1919892830010212, 22, 5, 1, 4, 4
original_aag_re.pickle, 268, 324, 205, 240, 0, 0.011408616999688093, 0.009666879999713274, 0.009303272998295142, 0.01730817899988324, 16, 1, 1, 1, 1
original_aag_re.pickle, 268, 324, 205, 240, 0, 0.011408616999688093, 0.013571962999776588, 0.01189958699978888, 0.019057854000493535, 16, 2, 1, 1, 1
original_aag_re.pickle, 268, 324, 205, 240, 0, 0.011408616999688093, 0.02287657700071577, 0.01960638300079154, 0.018516627000281005, 16, 3, 1, 1, 1
original_aag_re.pickle, 268, 324, 205, 240, 0, 0.011408616999688093, 0.020021924001412117, 0.019377325999812456, 0.016874221999387373, 16, 4, 1, 1, 1
original_aag_re.pickle, 268, 324, 205, 240, 0, 0.011408616999688093, 0.02084910499979742, 0.020659586998590385, 0.020453819999602274, 16, 5, 1, 1, 1
re_aag.pickle, 316, 469, 218, 297, 0, 0.015699892001066473, 0.01657916299882345, 0.011906960000487743, 0.02416461599932518, 18, 1, 1, 1, 1
re_aag.pickle, 316, 469, 218, 297, 0, 0.015699892001066473, 0.02546096300102363, 0.02576804400086985, 0.02468042800137482, 18, 2, 1, 1, 1
re_aag.pickle, 316, 469, 218, 297, 0, 0.015699892001066473, 0.03380802200081234, 0.030998058000477613, 0.022701883999616257, 18, 3, 1, 1, 1
re_aag.pickle, 316, 469, 218, 297, 0, 0.015699892001066473, 0.031045061999975587, 0.0301628699999128, 0.02654563699979917, 18, 4, 1, 1, 1
re_aag.pickle, 316, 469, 218, 297, 0, 0.015699892001066473, 0.034608718000527006, 0.03151444099967193, 0.02068562699969334, 18, 5, 1, 1, 1
synthetic_large.pickle, 284932, 947258, 110, 142, 0, 13.928833865000342, 263.2699601819986, 12.015704593000919, 0.007980788001077599, 15, 1, 1, 1, 1
synthetic_large.pickle, 284932, 947258, 110, 142, 0, 13.928833865000342, 84.20240251499854, 20.060349142999257, 0.00714121700002579, 15, 2, 1, 1, 1
synthetic_large.pickle, 284932, 947258, 110, 142, 0, 13.928833865000342, 266.9884295890006, 42.207897151, 0.006904403000589809, 15, 3, 1, 1, 1
synthetic_large.pickle, 284932, 947258, 110, 142, 0, 13.928833865000342, 273.7249157490005, 53.63086337999994, 0.008963357999164145, 15, 4, 1, 1, 1
synthetic_large.pickle, 284932, 947258, 110, 142, 0, 13.928833865000342, 286.18979205899996, 47.62607854000089, 0.011389414999939618, 15, 5, 1, 1, 1
synthetic_medium.pickle, 802, 1763, 110, 142, 0, 0.02869962400109216, 0.04713524699945992, 0.036331460998553666, 0.005762238999523106, 15, 1, 1, 1, 1
synthetic_medium.pickle, 802, 1763, 110, 142, 0, 0.02869962400109216, 0.055107113999838475, 0.05199002100016514, 0.0055882890010252595, 15, 2, 1, 1, 1
synthetic_medium.pickle, 802, 1763, 110, 142, 0, 0.02869962400109216, 0.08352231400021992, 0.0759420840004168, 0.005364560998714296, 15, 3, 1, 1, 1
synthetic_medium.pickle, 802, 1763, 110, 142, 0, 0.02869962400109216, 0.09913875699930941, 0.11875864299872774, 0.006704583000100683, 15, 4, 1, 1, 1
synthetic_medium.pickle, 802, 1763, 110, 142, 0, 0.02869962400109216, 0.09683401700021932, 0.0972728789984103, 0.009297042999605765, 15, 5, 1, 1, 1
synthetic_small.pickle, 60, 75, 53, 59, 0, 0.0024461249995511025, 0.0025197909999405965, 0.0025616059992898954, 0.002685127999939141, 13, 1, 1, 1, 1
synthetic_small.pickle, 60, 75, 53, 59, 0, 0.0024461249995511025, 0.002172142998460913, 0.0022430419994634576, 0.004714296999736689, 13, 2, 1, 1, 1
synthetic_small.pickle, 60, 75, 53, 59, 0, 0.0024461249995511025, 0.004081415998371085, 0.00409826599934604, 0.00487795300068683, 13, 3, 1, 1, 1
synthetic_small.pickle, 60, 75, 53, 59, 0, 0.0024461249995511025, 0.006827101000453695, 0.017629732999921544, 0.01645255800031009, 13, 5, 2, 1, 1
synthetic_small.pickle, 60, 75, 53, 59, 0, 0.0024461249995511025, 0.006746696999471169, 0.004706149000412552, 0.00385839400041732, 13, 6, 1, 1, 1
toy_input.pickle, 305, 381, 188, 254, 0, 0.016237621999607654, 0.018187026000305195, 0.013741291000769706, 0.02086738499929197, 20, 1, 1, 1, 1
toy_input.pickle, 305, 381, 188, 254, 0, 0.016237621999607654, 0.026360163999925135, 0.023237473998960922, 0.0224271500010218, 20, 2, 1, 1, 1
toy_input.pickle, 305, 381, 188, 254, 0, 0.016237621999607654, 0.03017136699963885, 0.028144825000708806, 0.01875844400092319, 20, 3, 1, 1, 1
toy_input.pickle, 305, 381, 188, 254, 0, 0.016237621999607654, 0.029216685999926995, 0.02736927700061642, 0.019301766000353382, 20, 4, 1, 1, 1
toy_input.pickle, 305, 381, 188, 254, 0, 0.016237621999607654, 0.03220082500047283, 0.030716638000740204, 0.05357265500060748, 20, 5, 1, 2, 2
1_pulp_and_paper_input.pickle, 371, 298, 77, 85, 0, 0.009660204999818234, 0.06788634500117041, 0.05523092699877452, 0.03527907199895708, 25, 3, 3, 3, 3
1_pulp_and_paper_input.pickle, 371, 298, 77, 85, 0, 0.009660204999818234, 0.07987773399872822, 0.07064490800075873, 0.04535485099950165, 25, 8, 5, 5, 5
1_pulp_and_paper_input.pickle, 371, 298, 77, 85, 0, 0.009660204999818234, 0.043816023999170284, 0.038337383999532904, 0.021450004000143963, 25, 10, 2, 2, 2
1_pulp_and_paper_input.pickle, 371, 298, 77, 85, 0, 0.009660204999818234, 0.057093952998911845, 0.04989779300012742, 0.03739574800056289, 25, 14, 4, 4, 4
2_vehicle_assembly_input.pickle, 1019, 2267, 95, 167, 0, 0.02805589899980987, 0.4903571129998454, 0.41051603999949293, 0.47808443200119655, 47, 19, 19, 19, 19
2_vehicle_assembly_input.pickle, 1019, 2267, 95, 167, 0, 0.02805589899980987, 0.2975518490002287, 0.273736043000099, 0.4987535370000842, 47, 21, 2, 14, 13
2_vehicle_assembly_input.pickle, 1019, 2267, 95, 167, 0, 0.02805589899980987, 0.4861082899988105, 0.44443236500046623, 0.5195736389978265, 47, 34, 13, 18, 17
aag_1_Aug2019.pickle, 1576, 3851, 401, 806, 0, 0.0553320650014939, 0.20431041000119876, 0.16657226299867034, 0.05981954500020947, 29, 1, 1, 1, 1
aag_1_Aug2019.pickle, 1576, 3851, 401, 806, 0, 0.0553320650014939, 0.19451079499958723, 0.17530462200011243, 0.07571679400098219, 29, 2, 1, 1, 1
aag_1_Aug2019.pickle, 1576, 3851, 401, 806, 0, 0.0553320650014939, 0.5573809610013996, 0.43122646099982376, 0.06251410299955751, 29, 4, 2, 1, 1
aag_1_Aug2019.pickle, 1576, 3851, 401, 806, 0, 0.0553320650014939, 0.3105387089999567, 0.27824252800019167, 0.06422902699887345, 29, 5, 1, 1, 1
aag_1_Aug2019.pickle, 1576, 3851, 401, 806, 0, 0.0553320650014939, 0.3201533550000022, 0.2872469200010528, 0.06666490099996736, 29, 6, 1, 1, 1
aag_29Jul2019.pickle, 1765, 4202, 430, 909, 0, 0.05728612299935776, 0.18721439799992368, 0.15997942200010584, 0.04058494699893345, 32, 1, 1, 1, 1
aag_29Jul2019.pickle, 1765, 4202, 430, 909, 0, 0.05728612299935776, 0.19212310200055072, 0.15264527599902067, 0.03404784800113703, 32, 2, 1, 1, 1
aag_out_29Jul2019.pickle, 1765, 4202, 430, 909, 0, 0.05348141700051201, 0.1949862130004476, 0.15662412799974845, 0.04026460299974133, 32, 1, 1, 1, 1
aag_out_29Jul2019.pickle, 1765, 4202, 430, 909, 0, 0.05348141700051201, 0.19204708299912454, 0.15831950800020422, 0.03498329900139652, 32, 2, 1, 1, 1
aag_test.pickle, 8021, 19417, 203, 346, 0, 0.21183606299928215, 1.3515663429989218, 0.575740460999441, 0.019716040998901008, 25, 1, 1, 1, 1
aag_test.pickle, 8021, 19417, 203, 346, 0, 0.21183606299928215, 1.1754904029985482, 0.48495493800146505, 0.013109686000461807, 25, 2, 1, 1, 1
input_159.pickle, 4153, 8833, 226, 357, 0, 0.13883626999995613, 0.41808020700045745, 0.2825269479999406, 0.01618990200040571, 22, 1, 1, 1, 1
input_159.pickle, 4153, 8833, 226, 357, 0, 0.13883626999995613, 0.3882929270002933, 0.2930632240004343, 0.013592127999800141, 22, 2, 1, 1, 1
input_159.pickle, 4153, 8833, 226, 357, 0, 0.13883626999995613, 0.77021817899913, 0.6363088210000569, 0.022646051000265288, 22, 3, 1, 1, 1
input_159.pickle, 4153, 8833, 226, 357, 0, 0.13883626999995613, 0.893038243000774, 0.7463615390006453, 0.02813734099981957, 22, 4, 1, 1, 1
input_159.pickle, 4153, 8833, 226, 357, 0, 0.13883626999995613, 0.442030522001005, 0.36138147999918147, 1.0894490190003125, 22, 5, 1, 4, 4
original_aag_re.pickle, 268, 324, 205, 240, 0, 0.009819806999075809, 0.010946104999675299, 0.009688288000688772, 0.01744678999966709, 16, 1, 1, 1, 1
original_aag_re.pickle, 268, 324, 205, 240, 0, 0.009819806999075809, 0.013760461000856594, 0.012460357998861582, 0.017658890999882715, 16, 2, 1, 1, 1
original_aag_re.pickle, 268, 324, 205, 240, 0, 0.009819806999075809, 0.020778164000148536, 0.01989492800021253, 0.017996131999097997, 16, 3, 1, 1, 1
original_aag_re.pickle, 268, 324, 205, 240, 0, 0.009819806999075809, 0.01821628600009717, 0.017568713999935426, 0.017261237000639085, 16, 4, 1, 1, 1
original_aag_re.pickle, 268, 324, 205, 240, 0, 0.009819806999075809, 0.021336997999242158, 0.024464701000397326, 0.02195131799999217, 16, 5, 1, 1, 1
re_aag.pickle, 316, 469, 218, 297, 0, 0.011571302000447758, 0.01262176999989606, 0.01242463900052826, 0.02173522600060096, 18, 1, 1, 1, 1
re_aag.pickle, 316, 469, 218, 297, 0, 0.011571302000447758, 0.023360871000477346, 0.022650831000646576, 0.019350459000634146, 18, 2, 1, 1, 1
re_aag.pickle, 316, 469, 218, 297, 0, 0.011571302000447758, 0.028551364001032198, 0.0288695959989127, 0.02150603699919884, 18, 3, 1, 1, 1
re_aag.pickle, 316, 469, 218, 297, 0, 0.011571302000447758, 0.02850088900049741, 0.02795472799880372, 0.021676428001228487, 18, 4, 1, 1, 1
re_aag.pickle, 316, 469, 218, 297, 0, 0.011571302000447758, 0.026882005999141256, 0.025858811999569298, 0.019473428999845055, 18, 5, 1, 1, 1
synthetic_large.pickle, 284932, 947258, 110, 142, 0, 13.587882875001014, 251.51120238299882, 11.681532360998972, 0.00810341999931552, 15, 1, 1, 1, 1
synthetic_large.pickle, 284932, 947258, 110, 142, 0, 13.587882875001014, 83.87302100600027, 20.356624996999017, 0.007675937000385602, 15, 2, 1, 1, 1
synthetic_large.pickle, 284932, 947258, 110, 142, 0, 13.587882875001014, 311.8607354880005, 43.652303107999614, 0.008066280999628361, 15, 3, 1, 1, 1
synthetic_large.pickle, 284932, 947258, 110, 142, 0, 13.587882875001014, 300.83016369100005, 55.28308378699876, 0.009509093999440665, 15, 4, 1, 1, 1
synthetic_large.pickle, 284932, 947258, 110, 142, 0, 13.587882875001014, 313.6969072240008, 50.28641477899873, 0.011501773999043508, 15, 5, 1, 1, 1
synthetic_medium.pickle, 802, 1763, 110, 142, 0, 0.04479492899918114, 0.056004517999099335, 0.048616029000186245, 0.007232800000565476, 15, 1, 1, 1, 1
synthetic_medium.pickle, 802, 1763, 110, 142, 0, 0.04479492899918114, 0.06344179500047176, 0.05373838000014075, 0.005802669998956844, 15, 2, 1, 1, 1
synthetic_medium.pickle, 802, 1763, 110, 142, 0, 0.04479492899918114, 0.09634585300045728, 0.09682723099831492, 0.006123962000856409, 15, 3, 1, 1, 1
synthetic_medium.pickle, 802, 1763, 110, 142, 0, 0.04479492899918114, 0.10865721499976644, 0.1001169849987491, 0.007554207000794122, 15, 4, 1, 1, 1
synthetic_medium.pickle, 802, 1763, 110, 142, 0, 0.04479492899918114, 0.10322721699958493, 0.09634734799874423, 0.009875362999082427, 15, 5, 1, 1, 1
synthetic_small.pickle, 60, 75, 53, 59, 0, 0.003219119000277715, 0.002743265000390238, 0.0026266770000802353, 0.0028302720002102433, 13, 1, 1, 1, 1
synthetic_small.pickle, 60, 75, 53, 59, 0, 0.003219119000277715, 0.0022111739999672864, 0.002257145000839955, 0.00516927399985434, 13, 2, 1, 1, 1
synthetic_small.pickle, 60, 75, 53, 59, 0, 0.003219119000277715, 0.004210521999993944, 0.004185886999039212, 0.005684691999704228, 13, 3, 1, 1, 1
synthetic_small.pickle, 60, 75, 53, 59, 0, 0.003219119000277715, 0.005081347000668757, 0.005096658000184107, 0.003757101001610863, 13, 5, 2, 1, 1
synthetic_small.pickle, 60, 75, 53, 59, 0, 0.003219119000277715, 0.0041159489992423914, 0.0035937879983976018, 0.002908589998696698, 13, 6, 1, 1, 1
toy_input.pickle, 305, 381, 188, 254, 0, 0.012033128999973997, 0.012043697000990505, 0.010868376999496832, 0.01743743900078698, 20, 1, 1, 1, 1
toy_input.pickle, 305, 381, 188, 254, 0, 0.012033128999973997, 0.02055102899976191, 0.02029445300104271, 0.019065964999754215, 20, 2, 1, 1, 1
toy_input.pickle, 305, 381, 188, 254, 0, 0.012033128999973997, 0.0283573439992324, 0.029985785000462784, 0.02350758600005065, 20, 3, 1, 1, 1
toy_input.pickle, 305, 381, 188, 254, 0, 0.012033128999973997, 0.041201225998520385, 0.04056934499931231, 0.02515725199918961, 20, 4, 1, 1, 1
toy_input.pickle, 305, 381, 188, 254, 0, 0.012033128999973997, 0.0389036100004887, 0.03204898299918568, 0.055151211001430056, 20, 5, 1, 2, 2
1_pulp_and_paper_input.pickle, 371, 298, 77, 85, 0, 0.008639122999738902, 0.0690353360005247, 0.06824541300011333, 0.0486641450006573, 25, 3, 3, 3, 3
1_pulp_and_paper_input.pickle, 371, 298, 77, 85, 0, 0.008639122999738902, 0.08880568399945332, 0.07098517499980517, 0.04702906899910886, 25, 8, 5, 5, 5
1_pulp_and_paper_input.pickle, 371, 298, 77, 85, 0, 0.008639122999738902, 0.045590489000460366, 0.03985795499829692, 0.021233024999673944, 25, 10, 2, 2, 2
1_pulp_and_paper_input.pickle, 371, 298, 77, 85, 0, 0.008639122999738902, 0.059053947999927914, 0.05183754199970281, 0.03904733799936366, 25, 14, 4, 4, 4
2_vehicle_assembly_input.pickle, 1019, 2267, 95, 167, 0, 0.030154526000842452, 0.535818124000798, 0.4495166369997605, 0.5076721539990103, 47, 19, 19, 19, 19
2_vehicle_assembly_input.pickle, 1019, 2267, 95, 167, 0, 0.030154526000842452, 0.35100003000115976, 0.33641962699948635, 0.5550820230018871, 47, 21, 2, 14, 13
2_vehicle_assembly_input.pickle, 1019, 2267, 95, 167, 0, 0.030154526000842452, 0.5179611839994323, 0.47267545200156746, 0.5764750640009879, 47, 34, 13, 18, 17
aag_1_Aug2019.pickle, 1576, 3851, 401, 806, 0, 0.05196330600119836, 0.21295222299886518, 0.1927147469996271, 0.06324396099989826, 29, 1, 1, 1, 1
aag_1_Aug2019.pickle, 1576, 3851, 401, 806, 0, 0.05196330600119836, 0.22500649399989925, 0.17663971100046183, 0.06743806700069399, 29, 2, 1, 1, 1
aag_1_Aug2019.pickle, 1576, 3851, 401, 806, 0, 0.05196330600119836, 0.5306393490009214, 0.4734425740007282, 0.06859718899977452, 29, 4, 2, 1, 1
aag_1_Aug2019.pickle, 1576, 3851, 401, 806, 0, 0.05196330600119836, 0.3312973880001664, 0.29097427499982587, 0.0676219939996372, 29, 5, 1, 1, 1
aag_1_Aug2019.pickle, 1576, 3851, 401, 806, 0, 0.05196330600119836, 0.3703976859997056, 0.3188297810011136, 0.0675447579997126, 29, 6, 1, 1, 1
aag_29Jul2019.pickle, 1765, 4202, 430, 909, 0, 0.06546049899952777, 0.19857104799848457, 0.16487804099961068, 0.04336253400106216, 32, 1, 1, 1, 1
aag_29Jul2019.pickle, 1765, 4202, 430, 909, 0, 0.06546049899952777, 0.19842594399960944, 0.168811330000608, 0.03517969200038351, 32, 2, 1, 1, 1
aag_out_29Jul2019.pickle, 1765, 4202, 430, 909, 0, 0.06994354999915231, 0.21566474599967478, 0.16382994900050107, 0.04313196199836966, 32, 1, 1, 1, 1
aag_out_29Jul2019.pickle, 1765, 4202, 430, 909, 0, 0.06994354999915231, 0.20008649400006107, 0.16771203099960985, 0.0365439540000807, 32, 2, 1, 1, 1
aag_test.pickle, 8021, 19417, 203, 346, 0, 0.22662687099909817, 1.437608813001134, 0.672639030000937, 0.02160039299997152, 25, 1, 1, 1, 1
aag_test.pickle, 8021, 19417, 203, 346, 0, 0.22662687099909817, 1.2199129900000116, 0.45779407500049274, 0.013255198999104323, 25, 2, 1, 1, 1
input_159.pickle, 4153, 8833, 226, 357, 0, 0.13195535200065933, 0.44052070300131163, 0.29798671300159185, 0.01757973799976753, 22, 1, 1, 1, 1
input_159.pickle, 4153, 8833, 226, 357, 0, 0.13195535200065933, 0.39723568099907425, 0.30669198199939274, 0.01743408900074428, 22, 2, 1, 1, 1
input_159.pickle, 4153, 8833, 226, 357, 0, 0.13195535200065933, 0.7738012760000856, 0.6264756189993932, 0.02300135600125941, 22, 3, 1, 1, 1
input_159.pickle, 4153, 8833, 226, 357, 0, 0.13195535200065933, 0.8930288110004767, 0.766295381999953, 0.028893059999973048, 22, 4, 1, 1, 1
input_159.pickle, 4153, 8833, 226, 357, 0, 0.13195535200065933, 0.447647106999284, 0.3662102349990164, 1.0976355010006955, 22, 5, 1, 4, 4
original_aag_re.pickle, 268, 324, 205, 240, 0, 0.009931108999808202, 0.009468271999139688, 0.008714573001270765, 0.01678828500007512, 16, 1, 1, 1, 1
original_aag_re.pickle, 268, 324, 205, 240, 0, 0.009931108999808202, 0.012218834999657702, 0.01208679800038226, 0.017302709000432515, 16, 2, 1, 1, 1
original_aag_re.pickle, 268, 324, 205, 240, 0, 0.009931108999808202, 0.02055875299993204, 0.019905981000192696, 0.01781626499905542, 16, 3, 1, 1, 1
original_aag_re.pickle, 268, 324, 205, 240, 0, 0.009931108999808202, 0.018508049999582, 0.017885128001580597, 0.016127472999869497, 16, 4, 1, 1, 1
original_aag_re.pickle, 268, 324, 205, 240, 0, 0.009931108999808202, 0.02304828699925565, 0.02202147900061391, 0.024846193999110255, 16, 5, 1, 1, 1
re_aag.pickle, 316, 469, 218, 297, 0, 0.015584980001221993, 0.015480760999707854, 0.014215633000276284, 0.022235421000004862, 18, 1, 1, 1, 1
re_aag.pickle, 316, 469, 218, 297, 0, 0.015584980001221993, 0.023447589001079905, 0.022746194001229014, 0.020216525999785517, 18, 2, 1, 1, 1
re_aag.pickle, 316, 469, 218, 297, 0, 0.015584980001221993, 0.03091956400021445, 0.028413381000063964, 0.021052568999948562, 18, 3, 1, 1, 1
re_aag.pickle, 316, 469, 218, 297, 0, 0.015584980001221993, 0.0285043730000325, 0.02770961799978977, 0.022018934001607704, 18, 4, 1, 1, 1
re_aag.pickle, 316, 469, 218, 297, 0, 0.015584980001221993, 0.026800683999681496, 0.02623943299840903, 0.019097910000709817, 18, 5, 1, 1, 1
synthetic_large.pickle, 284932, 947258, 110, 142, 0, 13.047173270999338, 256.78732626999954, 12.16400994399919, 0.007924699999421136, 15, 1, 1, 1, 1
synthetic_large.pickle, 284932, 947258, 110, 142, 0, 13.047173270999338, 84.36235907700029, 20.911144229001366, 0.008326327999384375, 15, 2, 1, 1, 1
synthetic_large.pickle, 284932, 947258, 110, 142, 0, 13.047173270999338, 273.10682752899993, 40.98293767400173, 0.006843836999905761, 15, 3, 1, 1, 1
synthetic_large.pickle, 284932, 947258, 110, 142, 0, 13.047173270999338, 260.60805894700025, 52.41181595799935, 0.009216804000971024, 15, 4, 1, 1, 1
synthetic_large.pickle, 284932, 947258, 110, 142, 0, 13.047173270999338, 298.1213959980014, 49.296927893999964, 0.012151175000326475, 15, 5, 1, 1, 1
synthetic_medium.pickle, 802, 1763, 110, 142, 0, 0.02548519599986321, 0.046307326998430653, 0.03797652100001869, 0.006541351000123541, 15, 1, 1, 1, 1
synthetic_medium.pickle, 802, 1763, 110, 142, 0, 0.02548519599986321, 0.057404868999583414, 0.05282090200125822, 0.0063897809995978605, 15, 2, 1, 1, 1
synthetic_medium.pickle, 802, 1763, 110, 142, 0, 0.02548519599986321, 0.08467864500016731, 0.08260250600142172, 0.00555374500072503, 15, 3, 1, 1, 1
synthetic_medium.pickle, 802, 1763, 110, 142, 0, 0.02548519599986321, 0.10758142200029397, 0.10328452700014168, 0.007978081001056125, 15, 4, 1, 1, 1
synthetic_medium.pickle, 802, 1763, 110, 142, 0, 0.02548519599986321, 0.10158384999886039, 0.09565367899995181, 0.009884696000881377, 15, 5, 1, 1, 1
synthetic_small.pickle, 60, 75, 53, 59, 0, 0.0022439620006480254, 0.0024747989991737995, 0.002575126998635824, 0.002561138000601204, 13, 1, 1, 1, 1
synthetic_small.pickle, 60, 75, 53, 59, 0, 0.0022439620006480254, 0.002360318001592532, 0.0028923779991600895, 0.004549551000309293, 13, 2, 1, 1, 1
synthetic_small.pickle, 60, 75, 53, 59, 0, 0.0022439620006480254, 0.004310416001317208, 0.00461164300031669, 0.004713246000392246, 13, 3, 1, 1, 1
synthetic_small.pickle, 60, 75, 53, 59, 0, 0.0022439620006480254, 0.0049137209989567054, 0.0056325580007978715, 0.0030942079993110383, 13, 5, 2, 1, 1
synthetic_small.pickle, 60, 75, 53, 59, 0, 0.0022439620006480254, 0.003379734998816275, 0.0033996830006799428, 0.0028560810005728854, 13, 6, 1, 1, 1
toy_input.pickle, 305, 381, 188, 254, 0, 0.010496961000171723, 0.011967119000473758, 0.011410340999645996, 0.01788289100113616, 20, 1, 1, 1, 1
toy_input.pickle, 305, 381, 188, 254, 0, 0.010496961000171723, 0.020528357999864966, 0.020948592999047833, 0.01791674899868667, 20, 2, 1, 1, 1
toy_input.pickle, 305, 381, 188, 254, 0, 0.010496961000171723, 0.024870069000826334, 0.023903768000309356, 0.01781008599937195, 20, 3, 1, 1, 1
toy_input.pickle, 305, 381, 188, 254, 0, 0.010496961000171723, 0.03025487900049484, 0.027893053000298096, 0.01968018200022925, 20, 4, 1, 1, 1
toy_input.pickle, 305, 381, 188, 254, 0, 0.010496961000171723, 0.031370282000352745, 0.03353511699970113, 0.05378606799968111, 20, 5, 1, 2, 2
1_pulp_and_paper_input.pickle, 371, 298, 77, 85, 0, 0.00622338700122782, 0.06141469300018798, 0.054652515000270796, 0.03250097100135463, 25, 3, 3, 3, 3
1_pulp_and_paper_input.pickle, 371, 298, 77, 85, 0, 0.00622338700122782, 0.08544090900068113, 0.07246955499977048, 0.04731745800017961, 25, 8, 5, 5, 5
1_pulp_and_paper_input.pickle, 371, 298, 77, 85, 0, 0.00622338700122782, 0.04569150300085312, 0.03955158600001596, 0.021596324999336503, 25, 10, 2, 2, 2
1_pulp_and_paper_input.pickle, 371, 298, 77, 85, 0, 0.00622338700122782, 0.06095702899983735, 0.05262321700138273, 0.0392429590010579, 25, 14, 4, 4, 4
2_vehicle_assembly_input.pickle, 1019, 2267, 95, 167, 0, 0.032220889999734936, 0.5124832459987374, 0.4279096019999997, 0.48713890200087917, 47, 19, 19, 19, 19
2_vehicle_assembly_input.pickle, 1019, 2267, 95, 167, 0, 0.032220889999734936, 0.29554255299990473, 0.28324797399909585, 0.5059625499998219, 47, 21, 2, 14, 13
2_vehicle_assembly_input.pickle, 1019, 2267, 95, 167, 0, 0.032220889999734936, 0.5000089429995569, 0.4712826520008093, 0.563397949001228, 47, 34, 13, 18, 17
aag_1_Aug2019.pickle, 1576, 3851, 401, 806, 0, 0.05220089300019026, 0.2025991200007411, 0.17470002099980775, 0.06577767599992512, 29, 1, 1, 1, 1
aag_1_Aug2019.pickle, 1576, 3851, 401, 806, 0, 0.05220089300019026, 0.1948420389999228, 0.17153977900125028, 0.06599019799978123, 29, 2, 1, 1, 1
aag_1_Aug2019.pickle, 1576, 3851, 401, 806, 0, 0.05220089300019026, 0.49603466000007757, 0.4453044290003163, 0.06780780400004005, 29, 4, 2, 1, 1
aag_1_Aug2019.pickle, 1576, 3851, 401, 806, 0, 0.05220089300019026, 0.3064770770015457, 0.2899823150000884, 0.06544812200081651, 29, 5, 1, 1, 1
aag_1_Aug2019.pickle, 1576, 3851, 401, 806, 0, 0.05220089300019026, 0.3201195830006327, 0.28333313099938096, 0.0695735750014137, 29, 6, 1, 1, 1
aag_29Jul2019.pickle, 1765, 4202, 430, 909, 0, 0.05295544299951871, 0.19616846600001736, 0.15920920800090244, 0.04081596500145679, 32, 1, 1, 1, 1
aag_29Jul2019.pickle, 1765, 4202, 430, 909, 0, 0.05295544299951871, 0.20180722799887008, 0.16363965200071107, 0.03470632199969259, 32, 2, 1, 1, 1
aag_out_29Jul2019.pickle, 1765, 4202, 430, 909, 0, 0.05019211000035284, 0.20477704899894889, 0.19387709100010397, 0.05191664599988144, 32, 1, 1, 1, 1
aag_out_29Jul2019.pickle, 1765, 4202, 430, 909, 0, 0.05019211000035284, 0.23982755499855557, 0.16978404000110459, 0.03420587899927341, 32, 2, 1, 1, 1
aag_test.pickle, 8021, 19417, 203, 346, 0, 0.21163803300078143, 1.372859139000866, 0.6048031619993708, 0.019918201000109548, 25, 1, 1, 1, 1
aag_test.pickle, 8021, 19417, 203, 346, 0, 0.21163803300078143, 1.2365010760004225, 0.4844224300013593, 0.014829877000011038, 25, 2, 1, 1, 1
input_159.pickle, 4153, 8833, 226, 357, 0, 0.12495290900005784, 0.4607538449999993, 0.3156124870001804, 0.017860926998764626, 22, 1, 1, 1, 1
input_159.pickle, 4153, 8833, 226, 357, 0, 0.12495290900005784, 0.41099306300020544, 0.3093452230004914, 0.01414250100060599, 22, 2, 1, 1, 1
input_159.pickle, 4153, 8833, 226, 357, 0, 0.12495290900005784, 0.8059275579998939, 0.6662000479991548, 0.024469347001286224, 22, 3, 1, 1, 1
input_159.pickle, 4153, 8833, 226, 357, 0, 0.12495290900005784, 0.9435078620008426, 0.798355144001107, 0.029979633998664212, 22, 4, 1, 1, 1
input_159.pickle, 4153, 8833, 226, 357, 0, 0.12495290900005784, 0.47133139399920765, 0.3789277920004679, 1.1758294200008095, 22, 5, 1, 4, 4
original_aag_re.pickle, 268, 324, 205, 240, 0, 0.011275803999524214, 0.009874127999864868, 0.00945651199981512, 0.016835622000144213, 16, 1, 1, 1, 1
original_aag_re.pickle, 268, 324, 205, 240, 0, 0.011275803999524214, 0.01267969400032598, 0.01216714700058219, 0.01742257999831054, 16, 2, 1, 1, 1
original_aag_re.pickle, 268, 324, 205, 240, 0, 0.011275803999524214, 0.020780791999641224, 0.019507274999341462, 0.018060238000543904, 16, 3, 1, 1, 1
original_aag_re.pickle, 268, 324, 205, 240, 0, 0.011275803999524214, 0.019315998999445583, 0.01768793600058416, 0.01846513700002106, 16, 4, 1, 1, 1
original_aag_re.pickle, 268, 324, 205, 240, 0, 0.011275803999524214, 0.02274765700167336, 0.02242151400059811, 0.021259114000713453, 16, 5, 1, 1, 1
re_aag.pickle, 316, 469, 218, 297, 0, 0.011928727000849904, 0.013773570000921609, 0.01316045900057361, 0.024698335999346455, 18, 1, 1, 1, 1
re_aag.pickle, 316, 469, 218, 297, 0, 0.011928727000849904, 0.025698336999994353, 0.023859954000727157, 0.020325539000623394, 18, 2, 1, 1, 1
re_aag.pickle, 316, 469, 218, 297, 0, 0.011928727000849904, 0.0287256179999531, 0.028410336999513675, 0.020435647000340396, 18, 3, 1, 1, 1
re_aag.pickle, 316, 469, 218, 297, 0, 0.011928727000849904, 0.028680158000497613, 0.02802261000033468, 0.022379387000910356, 18, 4, 1, 1, 1
re_aag.pickle, 316, 469, 218, 297, 0, 0.011928727000849904, 0.02740095800072595, 0.02698868900006346, 0.019990073000371922, 18, 5, 1, 1, 1
synthetic_large.pickle, 284932, 947258, 110, 142, 0, 12.771276760999172, 257.3301473219999, 11.635547906000284, 0.007732970998404198, 15, 1, 1, 1, 1
synthetic_large.pickle, 284932, 947258, 110, 142, 0, 12.771276760999172, 85.7973948509989, 19.984958969000218, 0.0072614630007592496, 15, 2, 1, 1, 1
synthetic_large.pickle, 284932, 947258, 110, 142, 0, 12.771276760999172, 277.0058000129993, 40.855109516000084, 0.007957850999446237, 15, 3, 1, 1, 1
synthetic_large.pickle, 284932, 947258, 110, 142, 0, 12.771276760999172, 264.20723896399977, 51.29615143900082, 0.010596758000247064, 15, 4, 1, 1, 1
synthetic_large.pickle, 284932, 947258, 110, 142, 0, 12.771276760999172, 297.5573029569987, 47.55982244000006, 0.011377807999451761, 15, 5, 1, 1, 1
synthetic_medium.pickle, 802, 1763, 110, 142, 0, 0.025248469999496592, 0.04682799299916951, 0.03543873799935682, 0.006017943000188097, 15, 1, 1, 1, 1
synthetic_medium.pickle, 802, 1763, 110, 142, 0, 0.025248469999496592, 0.05410485200081894, 0.05359674500141409, 0.0062293310002132785, 15, 2, 1, 1, 1
synthetic_medium.pickle, 802, 1763, 110, 142, 0, 0.025248469999496592, 0.08780095400106802, 0.07992173300044669, 0.006521371000417275, 15, 3, 1, 1, 1
synthetic_medium.pickle, 802, 1763, 110, 142, 0, 0.025248469999496592, 0.1146113630002219, 0.10231425500023761, 0.007460455999535043, 15, 4, 1, 1, 1
synthetic_medium.pickle, 802, 1763, 110, 142, 0, 0.025248469999496592, 0.10282238800027699, 0.09191305700005614, 0.009201077000398072, 15, 5, 1, 1, 1
synthetic_small.pickle, 60, 75, 53, 59, 0, 0.0024163649995898595, 0.0028060519998689415, 0.0029440260004776064, 0.0032615830004942836, 13, 1, 1, 1, 1
synthetic_small.pickle, 60, 75, 53, 59, 0, 0.0024163649995898595, 0.0021809100016980665, 0.0023443469999619992, 0.0049484120008855825, 13, 2, 1, 1, 1
synthetic_small.pickle, 60, 75, 53, 59, 0, 0.0024163649995898595, 0.004500373999690055, 0.004052369999044458, 0.005030197000451153, 13, 3, 1, 1, 1
synthetic_small.pickle, 60, 75, 53, 59, 0, 0.0024163649995898595, 0.004839151000851416, 0.005136526999194757, 0.003385563000847469, 13, 5, 2, 1, 1
synthetic_small.pickle, 60, 75, 53, 59, 0, 0.0024163649995898595, 0.003349288999743294, 0.0035986919992865296, 0.0032014209991757525, 13, 6, 1, 1, 1
toy_input.pickle, 305, 381, 188, 254, 0, 0.010766407998744398, 0.01154536099966208, 0.01083476699932362, 0.017620744998566806, 20, 1, 1, 1, 1
toy_input.pickle, 305, 381, 188, 254, 0, 0.010766407998744398, 0.020030626999869128, 0.019092346999968868, 0.0172741499991389, 20, 2, 1, 1, 1
toy_input.pickle, 305, 381, 188, 254, 0, 0.010766407998744398, 0.024085189999823342, 0.027614628999799606, 0.019702530998984003, 20, 3, 1, 1, 1
toy_input.pickle, 305, 381, 188, 254, 0, 0.010766407998744398, 0.030548558999726083, 0.028692297000816325, 0.019749673998376238, 20, 4, 1, 1, 1
toy_input.pickle, 305, 381, 188, 254, 0, 0.010766407998744398, 0.0324081840008148, 0.03063737099910213, 0.05207512499873701, 20, 5, 1, 2, 2
1_pulp_and_paper_input.pickle, 371, 298, 77, 85, 0, 0.009581117999914568, 0.06724254400069185, 0.053083540999068646, 0.03297729600126331, 25, 3, 3, 3, 3
1_pulp_and_paper_input.pickle, 371, 298, 77, 85, 0, 0.009581117999914568, 0.08376296200003708, 0.07130882199999178, 0.04595882700050424, 25, 8, 5, 5, 5
1_pulp_and_paper_input.pickle, 371, 298, 77, 85, 0, 0.009581117999914568, 0.044038142999852425, 0.03794605000075535, 0.02119133199994394, 25, 10, 2, 2, 2
1_pulp_and_paper_input.pickle, 371, 298, 77, 85, 0, 0.009581117999914568, 0.06065886599935766, 0.05050456800017855, 0.03681985299954249, 25, 14, 4, 4, 4
2_vehicle_assembly_input.pickle, 1019, 2267, 95, 167, 0, 0.0255026690010709, 0.49033596700064663, 0.43356780300018727, 0.48071019899907697, 47, 19, 19, 19, 19
2_vehicle_assembly_input.pickle, 1019, 2267, 95, 167, 0, 0.0255026690010709, 0.291323037001348, 0.2813352280008985, 0.5244233470002655, 47, 21, 2, 14, 13
2_vehicle_assembly_input.pickle, 1019, 2267, 95, 167, 0, 0.0255026690010709, 0.4977071909997903, 0.49890268000126525, 0.567498059999707, 47, 34, 13, 18, 17
aag_1_Aug2019.pickle, 1576, 3851, 401, 806, 0, 0.05712277900056506, 0.2219619169991347, 0.17048931199860817, 0.06143519799843489, 29, 1, 1, 1, 1
aag_1_Aug2019.pickle, 1576, 3851, 401, 806, 0, 0.05712277900056506, 0.19589029000053415, 0.1749376370007667, 0.0635985310000251, 29, 2, 1, 1, 1
aag_1_Aug2019.pickle, 1576, 3851, 401, 806, 0, 0.05712277900056506, 0.49427270399974077, 0.4388865729997633, 0.06283383700065315, 29, 4, 2, 1, 1
aag_1_Aug2019.pickle, 1576, 3851, 401, 806, 0, 0.05712277900056506, 0.3100895129991841, 0.2733949670000584, 0.06390459100111912, 29, 5, 1, 1, 1
aag_1_Aug2019.pickle, 1576, 3851, 401, 806, 0, 0.05712277900056506, 0.32405016200027603, 0.27973045200087654, 0.06425943499925779, 29, 6, 1, 1, 1
aag_29Jul2019.pickle, 1765, 4202, 430, 909, 0, 0.04956628400032059, 0.19084294800086354, 0.15396184100063692, 0.040561362000516965, 32, 1, 1, 1, 1
aag_29Jul2019.pickle, 1765, 4202, 430, 909, 0, 0.04956628400032059, 0.1898071039995557, 0.15217275000031805, 0.03347610200034978, 32, 2, 1, 1, 1
aag_out_29Jul2019.pickle, 1765, 4202, 430, 909, 0, 0.053181990999291884, 0.19241613899976073, 0.16116488400075468, 0.04238069600069139, 32, 1, 1, 1, 1
aag_out_29Jul2019.pickle, 1765, 4202, 430, 909, 0, 0.053181990999291884, 0.1951808580015495, 0.1652009489989723, 0.03704587500033085, 32, 2, 1, 1, 1
aag_test.pickle, 8021, 19417, 203, 346, 0, 0.2074656810000306, 1.4756270409998251, 0.7435722660011379, 0.023363079999398906, 25, 1, 1, 1, 1
aag_test.pickle, 8021, 19417, 203, 346, 0, 0.2074656810000306, 1.3063749129996722, 0.5397484529985377, 0.016793394001069828, 25, 2, 1, 1, 1
input_159.pickle, 4153, 8833, 226, 357, 0, 0.1432464509998681, 0.4394994399990537, 0.3158694249996188, 0.01720288099932077, 22, 1, 1, 1, 1
input_159.pickle, 4153, 8833, 226, 357, 0, 0.1432464509998681, 0.443225576000259, 0.3195341650007322, 0.014126444999419618, 22, 2, 1, 1, 1
input_159.pickle, 4153, 8833, 226, 357, 0, 0.1432464509998681, 0.8568837149996398, 0.7085148879996268, 0.030524784000590444, 22, 3, 1, 1, 1
input_159.pickle, 4153, 8833, 226, 357, 0, 0.1432464509998681, 0.9955653690012696, 0.826525982000021, 0.028858658000899595, 22, 4, 1, 1, 1
input_159.pickle, 4153, 8833, 226, 357, 0, 0.1432464509998681, 0.4678761389986903, 0.37991304699971806, 1.1144027289992664, 22, 5, 1, 4, 4
original_aag_re.pickle, 268, 324, 205, 240, 0, 0.0102109389990801, 0.010075816000608029, 0.009843715000897646, 0.017563335000886582, 16, 1, 1, 1, 1
original_aag_re.pickle, 268, 324, 205, 240, 0, 0.0102109389990801, 0.013190563999160076, 0.012520006999693578, 0.018436903999827337, 16, 2, 1, 1, 1
original_aag_re.pickle, 268, 324, 205, 240, 0, 0.0102109389990801, 0.021954091000225162, 0.020856697999988683, 0.019122438001431874, 16, 3, 1, 1, 1
original_aag_re.pickle, 268, 324, 205, 240, 0, 0.0102109389990801, 0.018647441000211984, 0.018499788999179145, 0.022411392001231434, 16, 4, 1, 1, 1
original_aag_re.pickle, 268, 324, 205, 240, 0, 0.0102109389990801, 0.0276648250001017, 0.027647078000882175, 0.027787171999079874, 16, 5, 1, 1, 1
re_aag.pickle, 316, 469, 218, 297, 0, 0.015205141000478761, 0.016245195000010426, 0.014106709999396116, 0.0249103419992025, 18, 1, 1, 1, 1
re_aag.pickle, 316, 469, 218, 297, 0, 0.015205141000478761, 0.023726694000288262, 0.023168153000369784, 0.02110978000018804, 18, 2, 1, 1, 1
re_aag.pickle, 316, 469, 218, 297, 0, 0.015205141000478761, 0.028882894999696873, 0.028234113999133115, 0.02042893200086837, 18, 3, 1, 1, 1
re_aag.pickle, 316, 469, 218, 297, 0, 0.015205141000478761, 0.028766243000063696, 0.027184855000086827, 0.02222457000061695, 18, 4, 1, 1, 1
re_aag.pickle, 316, 469, 218, 297, 0, 0.015205141000478761, 0.027964975999566377, 0.02896376199896622, 0.019620392999058822, 18, 5, 1, 1, 1
synthetic_large.pickle, 284932, 947258, 110, 142, 0, 13.647702501999447, 260.8517542180016, 11.716220554000756, 0.008437765998678515, 15, 1, 1, 1, 1
synthetic_large.pickle, 284932, 947258, 110, 142, 0, 13.647702501999447, 83.35831391799911, 20.441471818001446, 0.007137549999242765, 15, 2, 1, 1, 1
synthetic_large.pickle, 284932, 947258, 110, 142, 0, 13.647702501999447, 268.22463025900106, 40.53430533000028, 0.006830627000454115, 15, 3, 1, 1, 1
synthetic_large.pickle, 284932, 947258, 110, 142, 0, 13.647702501999447, 255.37657427500017, 50.65352223300033, 0.008846794999044505, 15, 4, 1, 1, 1
synthetic_large.pickle, 284932, 947258, 110, 142, 0, 13.647702501999447, 291.2495068199987, 49.987605373000406, 0.011764824999772827, 15, 5, 1, 1, 1
synthetic_medium.pickle, 802, 1763, 110, 142, 0, 0.02572666299965931, 0.046514817000570474, 0.03831919999902311, 0.00591240799985826, 15, 1, 1, 1, 1
synthetic_medium.pickle, 802, 1763, 110, 142, 0, 0.02572666299965931, 0.0565675050002028, 0.05409671799861826, 0.005713696000384516, 15, 2, 1, 1, 1
synthetic_medium.pickle, 802, 1763, 110, 142, 0, 0.02572666299965931, 0.08387745700019877, 0.07930934400064871, 0.005581385999903432, 15, 3, 1, 1, 1
synthetic_medium.pickle, 802, 1763, 110, 142, 0, 0.02572666299965931, 0.11265597400051774, 0.1102892230010184, 0.007493607001379132, 15, 4, 1, 1, 1
synthetic_medium.pickle, 802, 1763, 110, 142, 0, 0.02572666299965931, 0.09976669100069557, 0.0958602749997226, 0.00916817799952696, 15, 5, 1, 1, 1
synthetic_small.pickle, 60, 75, 53, 59, 0, 0.0022138290005386807, 0.002790201999232522, 0.0025178750001941808, 0.0025653409993537934, 13, 1, 1, 1, 1
synthetic_small.pickle, 60, 75, 53, 59, 0, 0.0022138290005386807, 0.0024402560011367314, 0.0021373870004026685, 0.00593320600091829, 13, 2, 1, 1, 1
synthetic_small.pickle, 60, 75, 53, 59, 0, 0.0022138290005386807, 0.004217374000290874, 0.004525389000264113, 0.004756967000503209, 13, 3, 1, 1, 1
synthetic_small.pickle, 60, 75, 53, 59, 0, 0.0022138290005386807, 0.005232137998973485, 0.004960110998581513, 0.003105537000010372, 13, 5, 2, 1, 1
synthetic_small.pickle, 60, 75, 53, 59, 0, 0.0022138290005386807, 0.0033744630000001052, 0.003954215999328881, 0.002922084000601899, 13, 6, 1, 1, 1
toy_input.pickle, 305, 381, 188, 254, 0, 0.011537524000232224, 0.011148625999339856, 0.011120610000943998, 0.017548854999404284, 20, 1, 1, 1, 1
toy_input.pickle, 305, 381, 188, 254, 0, 0.011537524000232224, 0.021398578999651363, 0.01976972500051488, 0.017607961000976502, 20, 2, 1, 1, 1
toy_input.pickle, 305, 381, 188, 254, 0, 0.011537524000232224, 0.025161785999443964, 0.024353639000764815, 0.018341785998927662, 20, 3, 1, 1, 1
toy_input.pickle, 305, 381, 188, 254, 0, 0.011537524000232224, 0.029304768000656622, 0.02852339099990786, 0.020019169998704456, 20, 4, 1, 1, 1
toy_input.pickle, 305, 381, 188, 254, 0, 0.011537524000232224, 0.03169698999954562, 0.031175150999843027, 0.05360032600037812, 20, 5, 1, 2, 2
1_pulp_and_paper_input.pickle, 371, 298, 77, 85, 0, 0.008820050999929663, 0.06287707699993916, 0.054537836000235984, 0.03197267599898623, 25, 3, 3, 3, 3
1_pulp_and_paper_input.pickle, 371, 298, 77, 85, 0, 0.008820050999929663, 0.08173012000042945, 0.07195028100068157, 0.04602260899991961, 25, 8, 5, 5, 5
1_pulp_and_paper_input.pickle, 371, 298, 77, 85, 0, 0.008820050999929663, 0.04477555000084976, 0.03861312200024258, 0.02100170099947718, 25, 10, 2, 2, 2
1_pulp_and_paper_input.pickle, 371, 298, 77, 85, 0, 0.008820050999929663, 0.05794504400000733, 0.05020803200022783, 0.03795244699904288, 25, 14, 4, 4, 4
2_vehicle_assembly_input.pickle, 1019, 2267, 95, 167, 0, 0.025293025999417296, 0.502305707999767, 0.43978004199925635, 0.4854700449977827, 47, 19, 19, 19, 19
2_vehicle_assembly_input.pickle, 1019, 2267, 95, 167, 0, 0.025293025999417296, 0.29822572900047817, 0.28545033400041575, 0.5159003770004347, 47, 21, 2, 14, 13
2_vehicle_assembly_input.pickle, 1019, 2267, 95, 167, 0, 0.025293025999417296, 0.5085730569990119, 0.45743800700074644, 0.5458562710009573, 47, 34, 13, 18, 17
aag_1_Aug2019.pickle, 1576, 3851, 401, 806, 0, 0.04623401299977559, 0.2003001180000865, 0.17422986699966714, 0.06179686399991624, 29, 1, 1, 1, 1
aag_1_Aug2019.pickle, 1576, 3851, 401, 806, 0, 0.04623401299977559, 0.19391510199966433, 0.16910441999971226, 0.06470170200009306, 29, 2, 1, 1, 1
aag_1_Aug2019.pickle, 1576, 3851, 401, 806, 0, 0.04623401299977559, 0.5011922039993806, 0.44793052499881014, 0.06578593300037028, 29, 4, 2, 1, 1
aag_1_Aug2019.pickle, 1576, 3851, 401, 806, 0, 0.04623401299977559, 0.31494951999957266, 0.2857142559987551, 0.06623445500008529, 29, 5, 1, 1, 1
aag_1_Aug2019.pickle, 1576, 3851, 401, 806, 0, 0.04623401299977559, 0.32511579200036067, 0.2934813980009494, 0.06631990599998971, 29, 6, 1, 1, 1
aag_29Jul2019.pickle, 1765, 4202, 430, 909, 0, 0.05749227599881124, 0.18866349600102694, 0.1615656769990892, 0.04278881900063425, 32, 1, 1, 1, 1
aag_29Jul2019.pickle, 1765, 4202, 430, 909, 0, 0.05749227599881124, 0.19175881199953437, 0.15981700500014995, 0.035614944999906584, 32, 2, 1, 1, 1
aag_out_29Jul2019.pickle, 1765, 4202, 430, 909, 0, 0.04874627800018061, 0.19276300899946364, 0.1600613999999041, 0.043001330999686616, 32, 1, 1, 1, 1
aag_out_29Jul2019.pickle, 1765, 4202, 430, 909, 0, 0.04874627800018061, 0.19129998000062187, 0.1619042949987488, 0.03528569599984621, 32, 2, 1, 1, 1
aag_test.pickle, 8021, 19417, 203, 346, 0, 0.1913864870002726, 1.3982315230005042, 0.6222108539986948, 0.021053728998595034, 25, 1, 1, 1, 1
aag_test.pickle, 8021, 19417, 203, 346, 0, 0.1913864870002726, 1.2664615000012418, 0.4737790670005779, 0.013893012999687926, 25, 2, 1, 1, 1
input_159.pickle, 4153, 8833, 226, 357, 0, 0.10701060800056439, 0.42271557800086157, 0.30235968099987076, 0.01717237899902102, 22, 1, 1, 1, 1
input_159.pickle, 4153, 8833, 226, 357, 0, 0.10701060800056439, 0.3982630699993024, 0.31807296099941595, 0.014193302000421681, 22, 2, 1, 1, 1
input_159.pickle, 4153, 8833, 226, 357, 0, 0.10701060800056439, 0.7904882070015447, 0.6456731170001149, 0.023132258000259753, 22, 3, 1, 1, 1
input_159.pickle, 4153, 8833, 226, 357, 0, 0.10701060800056439, 0.9190112270007376, 0.7856834560006973, 0.029380838001088705, 22, 4, 1, 1, 1
input_159.pickle, 4153, 8833, 226, 357, 0, 0.10701060800056439, 0.4590129620009975, 0.3788529680005013, 1.1221305309991294, 22, 5, 1, 4, 4
original_aag_re.pickle, 268, 324, 205, 240, 0, 0.008555643000363489, 0.009848977999354247, 0.009083005999855231, 0.016936664000240853, 16, 1, 1, 1, 1
original_aag_re.pickle, 268, 324, 205, 240, 0, 0.008555643000363489, 0.012808028001018101, 0.011974148999797762, 0.01779644999987795, 16, 2, 1, 1, 1
original_aag_re.pickle, 268, 324, 205, 240, 0, 0.008555643000363489, 0.021187250000366475, 0.0202255399999558, 0.01841714199872513, 16, 3, 1, 1, 1
original_aag_re.pickle, 268, 324, 205, 240, 0, 0.008555643000363489, 0.01883940200059442, 0.01787482300096599, 0.0168374250006309, 16, 4, 1, 1, 1
original_aag_re.pickle, 268, 324, 205, 240, 0, 0.008555643000363489, 0.02111323999997694, 0.02077152399942861, 0.021945750999293523, 16, 5, 1, 1, 1
re_aag.pickle, 316, 469, 218, 297, 0, 0.012084624999260996, 0.012275701999897137, 0.012022409999190131, 0.021439435999127454, 18, 1, 1, 1, 1
re_aag.pickle, 316, 469, 218, 297, 0, 0.012084624999260996, 0.024107052999170264, 0.02306265700099175, 0.020196970999677433, 18, 2, 1, 1, 1
re_aag.pickle, 316, 469, 218, 297, 0, 0.012084624999260996, 0.029531166001106612, 0.02960603599967726, 0.021053720000054454, 18, 3, 1, 1, 1
re_aag.pickle, 316, 469, 218, 297, 0, 0.012084624999260996, 0.028858851999757462, 0.027479596999910427, 0.02200724199974502, 18, 4, 1, 1, 1
re_aag.pickle, 316, 469, 218, 297, 0, 0.012084624999260996, 0.027188103000298725, 0.026366670999777853, 0.02138186900083383, 18, 5, 1, 1, 1
synthetic_large.pickle, 284932, 947258, 110, 142, 0, 12.956787969000288, 264.4869568230006, 12.245015892000083, 0.007913571000244701, 15, 1, 1, 1, 1
synthetic_large.pickle, 284932, 947258, 110, 142, 0, 12.956787969000288, 87.19049409500076, 20.553281709999283, 0.007379062999461894, 15, 2, 1, 1, 1
synthetic_large.pickle, 284932, 947258, 110, 142, 0, 12.956787969000288, 278.8850760139994, 43.044233174998226, 0.0064939490002871025, 15, 3, 1, 1, 1
synthetic_large.pickle, 284932, 947258, 110, 142, 0, 12.956787969000288, 271.44622447800066, 53.56733491799969, 0.009808060000068508, 15, 4, 1, 1, 1
synthetic_large.pickle, 284932, 947258, 110, 142, 0, 12.956787969000288, 309.01328501399985, 49.73938056900079, 0.011386194000806427, 15, 5, 1, 1, 1
synthetic_medium.pickle, 802, 1763, 110, 142, 0, 0.028525912999612046, 0.04772271600086242, 0.03956469400145579, 0.005768430000898661, 15, 1, 1, 1, 1
synthetic_medium.pickle, 802, 1763, 110, 142, 0, 0.028525912999612046, 0.05953343700093683, 0.05253504400025122, 0.005722393998439657, 15, 2, 1, 1, 1
synthetic_medium.pickle, 802, 1763, 110, 142, 0, 0.028525912999612046, 0.08582491200286313, 0.08264813999994658, 0.0060328869985823985, 15, 3, 1, 1, 1
synthetic_medium.pickle, 802, 1763, 110, 142, 0, 0.028525912999612046, 0.1087029549998988, 0.09932427399689914, 0.007209336999949301, 15, 4, 1, 1, 1
synthetic_medium.pickle, 802, 1763, 110, 142, 0, 0.028525912999612046, 0.09633465300066746, 0.09505023800011259, 0.010062876001029508, 15, 5, 1, 1, 1
synthetic_small.pickle, 60, 75, 53, 59, 0, 0.0037041119976493064, 0.0032885600012377836, 0.003278665000834735, 0.003938890000426909, 13, 1, 1, 1, 1
synthetic_small.pickle, 60, 75, 53, 59, 0, 0.0037041119976493064, 0.00278617900039535, 0.002689231998374453, 0.005658439000399085, 13, 2, 1, 1, 1
synthetic_small.pickle, 60, 75, 53, 59, 0, 0.0037041119976493064, 0.0053254570011631586, 0.004904080000414979, 0.006284713002969511, 13, 3, 1, 1, 1
synthetic_small.pickle, 60, 75, 53, 59, 0, 0.0037041119976493064, 0.00583851500050514, 0.0062991139966470655, 0.004922587002511136, 13, 5, 2, 1, 1
synthetic_small.pickle, 60, 75, 53, 59, 0, 0.0037041119976493064, 0.004207347999908961, 0.0041561680009181146, 0.004005836999567691, 13, 6, 1, 1, 1
toy_input.pickle, 305, 381, 188, 254, 0, 0.012342469002760481, 0.013522590998036321, 0.011459851000836352, 0.017430275001970585, 20, 1, 1, 1, 1
toy_input.pickle, 305, 381, 188, 254, 0, 0.012342469002760481, 0.020482821000769036, 0.01969290700071724, 0.017662931000813842, 20, 2, 1, 1, 1
toy_input.pickle, 305, 381, 188, 254, 0, 0.012342469002760481, 0.024710162997507723, 0.026337682000303175, 0.018999759999132948, 20, 3, 1, 1, 1
toy_input.pickle, 305, 381, 188, 254, 0, 0.012342469002760481, 0.03210112400120124, 0.030343218000780325, 0.020297398998081917, 20, 4, 1, 1, 1
toy_input.pickle, 305, 381, 188, 254, 0, 0.012342469002760481, 0.03295890499794041, 0.03136955499940086, 0.05269892699652701, 20, 5, 1, 2, 2
aag_sg.pickle, 7769, 18571, 102, 157, 0, 0.16484031999999993, 1.1201735, 0.4118174670000001, 0.008043237999999953, 23, 1, 1, 1, 1
aag_sg.pickle, 7769, 18571, 102, 157, 0, 0.16484031999999993, 1.2894303160000002, 0.5969520399999997, 0.009861188999999548, 23, 2, 1, 1, 1
aag_sg.pickle, 7769, 18571, 102, 157, 0, 0.27316877699999953, 1.101681556, 0.3759237520000003, 0.006909420999999583, 23, 1, 1, 1, 1
aag_sg.pickle, 7769, 18571, 102, 157, 0, 0.27316877699999953, 1.2216657080000006, 0.5009585699999999, 0.00694291800000002, 23, 2, 1, 1, 1
aag_sg.pickle, 7769, 18571, 102, 157, 0, 0.23280961199999872, 1.1175111569999991, 0.3814832300000006, 0.006816433000000899, 23, 1, 1, 1, 1
aag_sg.pickle, 7769, 18571, 102, 157, 0, 0.23280961199999872, 1.2071901570000012, 0.49143337399999965, 0.006937788000000111, 23, 2, 1, 1, 1
aag_sg.pickle, 7769, 18571, 102, 157, 0, 0.21532133999999914, 1.0677762820000005, 0.3777434479999986, 0.0070635459999994765, 23, 1, 1, 1, 1
aag_sg.pickle, 7769, 18571, 102, 157, 0, 0.21532133999999914, 1.203253668000002, 0.5405636279999975, 0.008169937999998211, 23, 2, 1, 1, 1
aag_sg.pickle, 7769, 18571, 102, 157, 0, 0.23259856099999965, 1.1454724700000014, 0.4247690689999999, 0.008296959999999132, 23, 1, 1, 1, 1
aag_sg.pickle, 7769, 18571, 102, 157, 0, 0.23259856099999965, 1.3679183279999982, 0.5395920140000001, 0.007006916000001695, 23, 2, 1, 1, 1
aag_sg.pickle, 7769, 18571, 102, 157, 0, 0.24193442600000026, 1.0909823779999996, 0.4116801859999981, 0.008703882000002494, 23, 1, 1, 1, 1
aag_sg.pickle, 7769, 18571, 102, 157, 0, 0.24193442600000026, 1.2301015570000011, 0.5836805599999977, 0.008655646000001127, 23, 2, 1, 1, 1
aag_sg.pickle, 7769, 18571, 102, 157, 0, 0.2113190280000019, 1.1230634130000006, 0.4120567289999997, 0.007312512000002158, 23, 1, 1, 1, 1
aag_sg.pickle, 7769, 18571, 102, 157, 0, 0.2113190280000019, 1.2574265320000002, 0.5231641119999999, 0.0072786289999982046, 23, 2, 1, 1, 1
aag_sg.pickle, 7769, 18571, 102, 157, 0, 0.19821896399999872, 1.1126582589999998, 0.410844995999998, 0.008442016000000052, 23, 1, 1, 1, 1
aag_sg.pickle, 7769, 18571, 102, 157, 0, 0.19821896399999872, 1.2394625280000007, 0.5058572229999996, 0.0071353950000059285, 23, 2, 1, 1, 1
aag_sg.pickle, 7769, 18571, 102, 157, 0, 0.23292024300000236, 1.137597233000001, 0.39185102200000443, 0.0072181769999986045, 23, 1, 1, 1, 1
aag_sg.pickle, 7769, 18571, 102, 157, 0, 0.23292024300000236, 1.2076609520000048, 0.5267426119999996, 0.007022388000002877, 23, 2, 1, 1, 1
aag_sg.pickle, 7769, 18571, 102, 157, 0, 0.26200964899999946, 1.1048246070000047, 0.44680324599999466, 0.00888641699999937, 23, 1, 1, 1, 1
aag_sg.pickle, 7769, 18571, 102, 157, 0, 0.26200964899999946, 1.2941199679999968, 0.5638381519999953, 0.007101414999993949, 23, 2, 1, 1, 1
i1K_orig.pickle, 1151907, 2800445, 233, 343, 0, 49.730265781, -1, 31.72286822700005, 0.024200677000067117, 21, 1, 1, 1, 1
i1K_orig.pickle, 1151907, 2800445, 233, 343, 0, 49.730265781, -1, 74.48368967799979, 0.025420368999903076, 21, 2, 1, 1, 1
i1K_orig.pickle, 1151907, 2800445, 233, 343, 0, 49.730265781, -1, 105.6001304910003, 0.020687734999683016, 21, 3, 1, 1, 1
i1K_orig.pickle, 1151907, 2800445, 233, 343, 0, 49.730265781, -1, 178.82231173799983, 290.69231244599996, 21, 4, 1, 3, 2
i1K_orig.pickle, 1151907, 2800445, 233, 343, 0, 49.730265781, -1, 273.81064022500004, 206.74587674399936, 21, 6, 2, 3, 2
i1K_orig.pickle, 1151907, 2800445, 233, 343, 0, 68.67103653800041, -1, 34.99496607800029, 0.024817333000100916, 21, 1, 1, 1, 1
i1K_orig.pickle, 1151907, 2800445, 233, 343, 0, 68.67103653800041, -1, 82.75075363800079, 0.026088049999998475, 21, 2, 1, 1, 1
i1K_orig.pickle, 1151907, 2800445, 233, 343, 0, 68.67103653800041, -1, 125.68705163400045, 0.026699494999775197, 21, 3, 1, 1, 1
i1K_orig.pickle, 1151907, 2800445, 233, 343, 0, 68.67103653800041, -1, 200.67560399399918, 227.03370098699997, 21, 4, 1, 3, 2
i1K_orig.pickle, 1151907, 2800445, 233, 343, 0, 68.67103653800041, -1, 297.31209768900044, 215.5757411049999, 21, 6, 2, 3, 2
i1K_orig.pickle, 1151907, 2800445, 233, 343, 0, 65.48944979600128, -1, 32.507282861999556, 0.024257914001282188, 21, 1, 1, 1, 1
i1K_orig.pickle, 1151907, 2800445, 233, 343, 0, 65.48944979600128, -1, 90.22841469100058, 0.029403544000160764, 21, 2, 1, 1, 1
i1K_orig.pickle, 1151907, 2800445, 233, 343, 0, 65.48944979600128, -1, 94.20562338800119, 0.024336882001080085, 21, 3, 1, 1, 1
i1K_orig.pickle, 1151907, 2800445, 233, 343, 0, 65.48944979600128, -1, 181.82314971100095, 188.7976061929985, 21, 4, 1, 3, 2
i1K_orig.pickle, 1151907, 2800445, 233, 343, 0, 65.48944979600128, -1, 272.97893125500013, 225.45169919799991, 21, 6, 2, 3, 2
i1K_orig.pickle, 1151907, 2800445, 233, 343, 0, 71.20943203299976, -1, 30.190954061999946, 0.023258520999661414, 21, 1, 1, 1, 1
i1K_orig.pickle, 1151907, 2800445, 233, 343, 0, 71.20943203299976, -1, 81.05259041599857, 0.02532195599997067, 21, 2, 1, 1, 1
i1K_orig.pickle, 1151907, 2800445, 233, 343, 0, 71.20943203299976, -1, 109.95104348699897, 0.02503662799972517, 21, 3, 1, 1, 1
i1K_orig.pickle, 1151907, 2800445, 233, 343, 0, 71.20943203299976, -1, 196.5602514279999, 212.5887626019976, 21, 4, 1, 3, 2
i1K_orig.pickle, 1151907, 2800445, 233, 343, 0, 71.20943203299976, -1, 271.60411677699994, 208.72748514200066, 21, 6, 2, 3, 2
i1K_orig.pickle, 1151907, 2800445, 233, 343, 0, 66.83807815700129, -1, 32.29045219299951, 0.025406509997992544, 21, 1, 1, 1, 1
i1K_orig.pickle, 1151907, 2800445, 233, 343, 0, 66.83807815700129, -1, 74.22230726699854, 0.025325919999886537, 21, 2, 1, 1, 1
i1K_orig.pickle, 1151907, 2800445, 233, 343, 0, 66.83807815700129, -1, 175.88800962900132, 0.06332158900113427, 21, 3, 1, 1, 1
i1K_orig.pickle, 1151907, 2800445, 233, 343, 0, 66.83807815700129, -1, 180.6934586089992, 192.5943280379979, 21, 4, 1, 3, 2
i1K_orig.pickle, 1151907, 2800445, 233, 343, 0, 66.83807815700129, -1, 270.3648382749998, 193.1280002800013, 21, 6, 2, 3, 2
i1K_orig.pickle, 1151907, 2800445, 233, 343, 0, 68.55958605600244, -1, 32.491629116000695, 0.023122969996620668, 21, 1, 1, 1, 1
i1K_orig.pickle, 1151907, 2800445, 233, 343, 0, 68.55958605600244, -1, 81.1401363799996, 0.025786792000872083, 21, 2, 1, 1, 1
i1K_orig.pickle, 1151907, 2800445, 233, 343, 0, 68.55958605600244, -1, 99.06449546100339, 0.01744336000047042, 21, 3, 1, 1, 1
i1K_orig.pickle, 1151907, 2800445, 233, 343, 0, 68.55958605600244, -1, 169.20539804299915, 198.7135492769994, 21, 4, 1, 3, 2
i1K_orig.pickle, 1151907, 2800445, 233, 343, 0, 68.55958605600244, -1, 260.7885558599992, 201.09480443600114, 21, 6, 2, 3, 2
i1K_orig.pickle, 1151907, 2800445, 233, 343, 0, 64.53260090600088, -1, 32.06243789299697, 0.023165752998465905, 21, 1, 1, 1, 1
i1K_orig.pickle, 1151907, 2800445, 233, 343, 0, 64.53260090600088, -1, 73.86873182599811, 0.025442288002523128, 21, 2, 1, 1, 1
i1K_orig.pickle, 1151907, 2800445, 233, 343, 0, 64.53260090600088, -1, 98.98503907600025, 0.025917536000633845, 21, 3, 1, 1, 1
i1K_orig.pickle, 1151907, 2800445, 233, 343, 0, 64.53260090600088, -1, 183.2832340649984, 208.45133694499964, 21, 4, 1, 3, 2
i1K_orig.pickle, 1151907, 2800445, 233, 343, 0, 64.53260090600088, -1, 267.2190675950005, 206.91050544599784, 21, 6, 2, 3, 2
i1K_orig.pickle, 1151907, 2800445, 233, 343, 0, 68.17340960300135, -1, 32.25800521400015, 0.02563916200233507, 21, 1, 1, 1, 1
i1K_orig.pickle, 1151907, 2800445, 233, 343, 0, 68.17340960300135, -1, 77.73216666700318, 0.026176078001299175, 21, 2, 1, 1, 1
i1K_orig.pickle, 1151907, 2800445, 233, 343, 0, 68.17340960300135, -1, 109.30837781300215, 0.023999196997465333, 21, 3, 1, 1, 1
i1K_orig.pickle, 1151907, 2800445, 233, 343, 0, 68.17340960300135, -1, 184.1020629309969, 205.56542773299952, 21, 4, 1, 3, 2
i1K_orig.pickle, 1151907, 2800445, 233, 343, 0, 68.17340960300135, -1, 266.2404327740005, 203.80381528799626, 21, 6, 2, 3, 2
synthetic_xl.pickle, 9452752, 31658789, 218, 350, 0, 3072.352271358, -1, -1, 0.03481168300004356, 15, 2, 1, 1, 1
synthetic_xl.pickle, 9452752, 31658789, 218, 350, 0, 3072.352271358, -1, -1, 0.04238008999982412, 15, 3, 1, 1, 1
synthetic_xl.pickle, 9452752, 31658789, 218, 350, 0, 3072.352271358, -1, -1, 0.06037743799970485, 15, 4, 1, 1, 1
synthetic_xl.pickle, 9452752, 31658789, 218, 350, 0, 3072.352271358, -1, -1, 0.05046744799983571, 15, 5, 1, 1, 1
synthetic_xl.pickle, 9452752, 31658789, 218, 350, 0, 3512.0284712270004, -1, 370.1071416750001, 0.04688890199940943, 15, 1, 1, 1, 1
synthetic_xl.pickle, 9452752, 31658789, 218, 350, 0, 3512.0284712270004, -1, -1, 0.07671054800084676, 15, 2, 1, 1, 1
synthetic_xl.pickle, 9452752, 31658789, 218, 350, 0, 3512.0284712270004, -1, -1, 0.04804164900087926, 15, 3, 1, 1, 1
synthetic_xl.pickle, 9452752, 31658789, 218, 350, 0, 3512.0284712270004, -1, -1, 0.05246511699988332, 15, 4, 1, 1, 1
synthetic_xl.pickle, 9452752, 31658789, 218, 350, 0, 3512.0284712270004, -1, -1, 0.04369439900074212, 15, 5, 1, 1, 1
synthetic_xl.pickle, 9452752, 31658789, 218, 350, 0, 3655.8490508740015, -1, 369.3173395260019, 0.05265501000030781, 15, 1, 1, 1, 1
synthetic_xl.pickle, 9452752, 31658789, 218, 350, 0, 3655.8490508740015, -1, -1, 0.05834281300121802, 15, 2, 1, 1, 1
synthetic_xl.pickle, 9452752, 31658789, 218, 350, 0, 3655.8490508740015, -1, -1, 0.04532209500030149, 15, 3, 1, 1, 1
synthetic_xl.pickle, 9452752, 31658789, 218, 350, 0, 3655.8490508740015, -1, -1, 0.05164723900088575, 15, 4, 1, 1, 1
synthetic_xl.pickle, 9452752, 31658789, 218, 350, 0, 3655.8490508740015, -1, -1, 0.04110779999973602, 15, 5, 1, 1, 1
synthetic_xl.pickle, 9452752, 31658789, 218, 350, 0, 3702.2817107750016, -1, 398.18216352200034, 0.05277585099975113, 15, 1, 1, 1, 1
synthetic_xl.pickle, 9452752, 31658789, 218, 350, 0, 3702.2817107750016, -1, -1, 0.055818460998125374, 15, 2, 1, 1, 1
synthetic_xl.pickle, 9452752, 31658789, 218, 350, 0, 3702.2817107750016, -1, -1, 0.04853267400176264, 15, 3, 1, 1, 1
synthetic_xl.pickle, 9452752, 31658789, 218, 350, 0, 3702.2817107750016, -1, -1, 0.05783419300132664, 15, 4, 1, 1, 1
synthetic_xl.pickle, 9452752, 31658789, 218, 350, 0, 3702.2817107750016, -1, -1, 0.058383110001159366, 15, 5, 1, 1, 1
synthetic_xl.pickle, 9452752, 31658789, 218, 350, 0, 5399.022488660998, -1, 399.94543777299987, 0.06711075900238939, 15, 1, 1, 1, 1
synthetic_xl.pickle, 9452752, 31658789, 218, 350, 0, 5399.022488660998, -1, -1, 0.04153631100052735, 15, 2, 1, 1, 1
synthetic_xl.pickle, 9452752, 31658789, 218, 350, 0, 5399.022488660998, -1, -1, 0.04416196500096703, 15, 3, 1, 1, 1
synthetic_xl.pickle, 9452752, 31658789, 218, 350, 0, 5399.022488660998, -1, -1, 0.05774538200057577, 15, 4, 1, 1, 1
synthetic_xl.pickle, 9452752, 31658789, 218, 350, 0, 5399.022488660998, -1, -1, 0.06241087199305184, 15, 5, 1, 1, 1
synthetic_xl.pickle, 9452752, 31658789, 218, 350, 0, 3904.951184448997, -1, -1, 0.539624241006095, 15, 1, 1, 1, 1
synthetic_xl.pickle, 9452752, 31658789, 218, 350, 0, 3904.951184448997, -1, -1, 0.9866572190003353, 15, 2, 1, 1, 1
synthetic_xl.pickle, 9452752, 31658789, 218, 350, 0, 3904.951184448997, -1, -1, 0.3163640599959763, 15, 3, 1, 1, 1
synthetic_xl.pickle, 9452752, 31658789, 218, 350, 0, 3904.951184448997, -1, -1, 0.2342836680036271, 15, 4, 1, 1, 1
synthetic_xl.pickle, 9452752, 31658789, 218, 350, 0, 3904.951184448997, -1, -1, 0.25115091200132156, 15, 5, 1, 1, 1
